ID,SECTION,year,erosion_m_y,Lat,Long
10,0,1937,-0.43,36.81728141,-121.7445638
11,0,1937,-0.048333333,36.82080162,-121.742864
12,0,1937,0.373333333,36.82296128,-121.7419457
13,0,1937,0.358333333,36.83555707,-121.7402948
14,0,1937,0.115,36.83589898,-121.7399257
17,0,1937,0.151666667,36.81597393,-121.7444804
18,0,1937,0.016666667,36.81644803,-121.7442057
19,0,1937,0.148333333,36.81376763,-121.7666757
20,0,1937,-0.331666667,36.81269449,-121.7666855
15,0,1937,0.323333333,36.84301192,-121.752426
21,0,1937,-0.24,36.84855875,-121.7572213
22,0,1937,-0.05,36.84834837,-121.7559189
23,0,1937,-0.263333333,36.85093509,-121.758113
24,0,1937,0.045,36.85231706,-121.7577792
25,0,1937,0.056666667,36.85369503,-121.7580746
121,2,1937,-0.121666667,36.8171196,-121.7497502
97,2,1937,0.131666667,36.81760162,-121.7496608
122,2,1937,0.058333333,36.81701175,-121.7508347
123,2,1937,0.43,36.81757629,-121.7517896
124,2,1937,0.215,36.8179078,-121.7532674
125,2,1937,-0.29,36.81762098,-121.7537764
126,2,1937,0.126666667,36.81776695,-121.7546194
127,2,1937,0.043333333,36.81761165,-121.7551633
128,2,1937,-0.123333333,36.81740884,-121.7562938
129,2,1937,0.023333333,36.8171728,-121.7576696
130,2,1937,-0.023333333,36.81736929,-121.7587862
131,2,1937,0.171666667,36.8177862,-121.7598844
132,2,1937,0.003333333,36.81686993,-121.7589277
133,2,1937,0.02,36.81612644,-121.7596739
134,2,1937,0.416666667,36.81608479,-121.759111
135,2,1937,0.018333333,36.81577263,-121.7589084
136,2,1937,0.113333333,36.81613798,-121.7584946
137,2,1937,0.245,36.81664578,-121.7568772
138,2,1937,0.053333333,36.81630713,-121.7564229
139,2,1937,0.128333333,36.81642827,-121.7554643
140,2,1937,0.228333333,36.81745076,-121.7528966
141,2,1937,0.06,36.8170767,-121.7536146
142,2,1937,0.106666667,36.81643864,-121.7530391
143,2,1937,0.108333333,36.81578796,-121.7541027
144,2,1937,-0.118333333,36.81476694,-121.760978
145,2,1937,-0.016666667,36.81585758,-121.7613229
146,2,1937,0.418333333,36.81654637,-121.7609003
147,2,1937,0.268333333,36.81637902,-121.7614713
148,2,1937,0.053333333,36.81521985,-121.7613528
149,2,1937,-0.328333333,36.81791189,-121.7656597
150,2,1937,0.796666667,36.81827917,-121.7654827
151,2,1937,0.576666667,36.81864959,-121.7668151
152,2,1937,-0.416666667,36.81821597,-121.7666275
153,2,1937,-0.05,36.81410714,-121.7623566
154,2,1937,0.095,36.81443175,-121.7623376
155,2,1937,-0.131666667,36.81433205,-121.762688
156,3,1937,-0.193333333,36.81271446,-121.7455952
157,3,1937,0.085,36.81254171,-121.7461764
158,3,1937,-0.078333333,36.81149917,-121.7462602
159,3,1937,-0.193333333,36.81168033,-121.7470432
160,3,1937,0.126666667,36.81204343,-121.7469854
161,3,1937,0.095,36.81221455,-121.7479466
162,3,1937,0.196666667,36.81201744,-121.7490473
163,3,1937,0.121666667,36.81150273,-121.7488629
164,3,1937,-0.056666667,36.8116763,-121.7477923
165,3,1937,0.07,36.81110735,-121.7481542
166,3,1937,0.02,36.81116839,-121.747013
167,3,1937,-0.018333333,36.81210307,-121.7455952
1,3,1937,-1.038333333,36.81121323,-121.7557219
168,3,1937,0.108333333,36.81397284,-121.7462677
169,3,1937,0.048333333,36.81346116,-121.7475028
170,3,1937,0.12,36.81306069,-121.7483381
171,3,1937,0.16,36.81288186,-121.7492938
172,3,1937,-0.031666667,36.81274332,-121.7480953
173,3,1937,0.033333333,36.81225431,-121.7526861
174,3,1937,-0.051666667,36.81185514,-121.7515802
175,3,1937,-0.161666667,36.81169824,-121.7508338
176,3,1937,-0.251666667,36.81191038,-121.7522986
177,3,1937,-0.273333333,36.81160434,-121.7531065
16,3,1937,0.376666667,36.81163942,-121.7539986
178,3,1937,0.125,36.81458966,-121.7474681
179,3,1937,0.17,36.80878619,-121.7471567
180,3,1937,0.173333333,36.80914908,-121.7475691
181,3,1937,0.116666667,36.80932842,-121.7479257
182,3,1937,0.078333333,36.80868203,-121.7475123
63,4,1937,2.233333333,36.8347101,-121.7434821
64,4,1937,0.493333333,36.83397942,-121.7446572
80,4,1937,0.18,36.83361613,-121.745365
81,4,1937,0.088333333,36.83306563,-121.7457449
82,4,1937,0.151666667,36.83266718,-121.744713
83,4,1937,0.62,36.83216704,-121.7453442
84,4,1937,-0.13,36.83177846,-121.744683
85,4,1937,0.04,36.83167382,-121.7439663
86,4,1937,-0.081666667,36.83149819,-121.7452439
87,4,1937,0.085,36.83110385,-121.7453256
88,4,1937,0.353333333,36.83133831,-121.745914
89,4,1937,-0.145,36.83077856,-121.7459825
90,4,1937,0.063333333,36.83070186,-121.7454942
91,4,1937,0.116666667,36.83011545,-121.7452961
98,4,1937,-0.161666667,36.82729572,-121.7456701
99,4,1937,0.055,36.82765792,-121.745774
100,4,1937,-0.066666667,36.82732737,-121.7463883
101,4,1937,0.148333333,36.82743448,-121.7474147
102,4,1937,0.145,36.8271254,-121.7470204
103,4,1937,0.126666667,36.82686464,-121.747404
104,4,1937,0.101666667,36.82621211,-121.7479237
105,4,1937,0.09,36.82702389,-121.7457644
106,4,1937,-0.47,36.81965301,-121.7468374
107,4,1937,0.173333333,36.82017007,-121.7468406
108,4,1937,-0.171666667,36.81949459,-121.7472745
109,4,1937,0.021666667,36.81985929,-121.7478479
110,4,1937,-0.201666667,36.81966398,-121.7483204
111,4,1937,-0.118333333,36.82024019,-121.7490757
112,4,1937,0.053333333,36.81944119,-121.7479532
113,4,1937,0.116666667,36.82353327,-121.7462273
114,4,1937,-0.023333333,36.82456061,-121.7460916
115,4,1937,-0.05,36.82517301,-121.7462095
116,4,1937,-0.015,36.82585277,-121.7462132
117,4,1937,0.013333333,36.82442153,-121.7467558
118,4,1937,-0.013333333,36.82463115,-121.7479761
119,4,1937,0.04,36.82391255,-121.7482474
120,4,1937,0.093333333,36.82432887,-121.7474396
65,5,1937,-0.061666667,36.83479598,-121.7453448
66,5,1937,-0.22,36.83514278,-121.745924
67,5,1937,-0.168333333,36.83600358,-121.746467
68,5,1937,0.006666667,36.83656695,-121.7470778
69,5,1937,0.205,36.8371045,-121.7469785
70,5,1937,0.001666667,36.83718051,-121.7472851
71,5,1937,0.156666667,36.83752676,-121.7469897
72,5,1937,0.01,36.83679217,-121.7482838
73,5,1937,0.02,36.83706391,-121.7489022
74,5,1937,0.055,36.83637011,-121.7482883
75,5,1937,-0.24,36.83576894,-121.7473263
76,5,1937,0.111666667,36.83636181,-121.7479194
77,5,1937,-0.015,36.8353034,-121.747051
78,5,1937,0.115,36.83506496,-121.7464911
79,5,1937,0.026666667,36.83402782,-121.746116
26,5,1937,0.641666667,36.83992888,-121.7502933
27,5,1937,-0.001666667,36.8391934,-121.750784
28,5,1937,-0.083333333,36.83878799,-121.750899
31,5,1937,0.063333333,36.83824439,-121.7503026
33,5,1937,0.021666667,36.83839357,-121.7492974
34,5,1937,0.211666667,36.83891875,-121.7495238
35,5,1937,0.086666667,36.8390825,-121.7492139
36,5,1937,0.078333333,36.83947586,-121.749334
37,5,1937,0.131666667,36.83974917,-121.7490856
92,5,1937,0.178333333,36.83778468,-121.7434941
93,5,1937,0.21,36.83795899,-121.7439868
94,5,1937,0.196666667,36.83642898,-121.7433521
95,5,1937,-0.025,36.83630975,-121.7438392
96,5,1937,0.086666667,36.83923308,-121.7460149
10,0,1949,-0.233333333,36.81728141,-121.7445638
11,0,1949,-0.014166667,36.82080162,-121.742864
12,0,1949,0.4325,36.82296128,-121.7419457
13,0,1949,-0.114166667,36.83555707,-121.7402948
14,0,1949,-0.095,36.83589898,-121.7399257
17,0,1949,-0.063333333,36.81597393,-121.7444804
18,0,1949,-0.030833333,36.81644803,-121.7442057
19,0,1949,0.446666667,36.81376763,-121.7666757
20,0,1949,0.254166667,36.81269449,-121.7666855
15,0,1949,-0.005,36.84301192,-121.752426
21,0,1949,0.166666667,36.84855875,-121.7572213
22,0,1949,-0.0175,36.84834837,-121.7559189
23,0,1949,0.010833333,36.85093509,-121.758113
24,0,1949,0.0475,36.85231706,-121.7577792
25,0,1949,-0.026666667,36.85369503,-121.7580746
121,2,1949,0.160833333,36.8171196,-121.7497502
97,2,1949,0.009166667,36.81760162,-121.7496608
122,2,1949,0.159166667,36.81701175,-121.7508347
123,2,1949,0.1875,36.81757629,-121.7517896
124,2,1949,-0.039166667,36.8179078,-121.7532674
125,2,1949,0.209166667,36.81762098,-121.7537764
126,2,1949,0.04,36.81776695,-121.7546194
127,2,1949,0.063333333,36.81761165,-121.7551633
128,2,1949,0.245,36.81740884,-121.7562938
129,2,1949,0.2125,36.8171728,-121.7576696
130,2,1949,0.055,36.81736929,-121.7587862
131,2,1949,0.036666667,36.8177862,-121.7598844
132,2,1949,0.115833333,36.81686993,-121.7589277
133,2,1949,-0.054166667,36.81612644,-121.7596739
134,2,1949,-0.1475,36.81608479,-121.759111
135,2,1949,0.039166667,36.81577263,-121.7589084
136,2,1949,0.1075,36.81613798,-121.7584946
137,2,1949,-0.060833333,36.81664578,-121.7568772
138,2,1949,0.044166667,36.81630713,-121.7564229
139,2,1949,-0.043333333,36.81642827,-121.7554643
140,2,1949,-0.0675,36.81745076,-121.7528966
141,2,1949,-0.0075,36.8170767,-121.7536146
142,2,1949,0.058333333,36.81643864,-121.7530391
143,2,1949,0.02,36.81578796,-121.7541027
144,2,1949,0.0425,36.81476694,-121.760978
145,2,1949,-0.055,36.81585758,-121.7613229
146,2,1949,-0.130833333,36.81654637,-121.7609003
147,2,1949,-0.115,36.81637902,-121.7614713
148,2,1949,-0.0425,36.81521985,-121.7613528
149,2,1949,0.168333333,36.81791189,-121.7656597
150,2,1949,-0.033333333,36.81827917,-121.7654827
151,2,1949,-0.198333333,36.81864959,-121.7668151
152,2,1949,0.069166667,36.81821597,-121.7666275
153,2,1949,-0.056666667,36.81410714,-121.7623566
154,2,1949,0.025,36.81443175,-121.7623376
155,2,1949,0.026666667,36.81433205,-121.762688
156,3,1949,0.285,36.81271446,-121.7455952
157,3,1949,0.0575,36.81254171,-121.7461764
158,3,1949,0.0825,36.81149917,-121.7462602
159,3,1949,0.035833333,36.81168033,-121.7470432
160,3,1949,-0.056666667,36.81204343,-121.7469854
161,3,1949,0.08,36.81221455,-121.7479466
162,3,1949,0.05,36.81201744,-121.7490473
163,3,1949,0.005,36.81150273,-121.7488629
164,3,1949,0.071666667,36.8116763,-121.7477923
165,3,1949,0.05,36.81110735,-121.7481542
166,3,1949,0.049166667,36.81116839,-121.747013
167,3,1949,0.091666667,36.81210307,-121.7455952
1,3,1949,0.3675,36.81121323,-121.7557219
168,3,1949,-0.0175,36.81397284,-121.7462677
169,3,1949,-0.003333333,36.81346116,-121.7475028
170,3,1949,-0.075833333,36.81306069,-121.7483381
171,3,1949,-0.060833333,36.81288186,-121.7492938
172,3,1949,0.028333333,36.81274332,-121.7480953
173,3,1949,0.000833333,36.81225431,-121.7526861
174,3,1949,-0.140833333,36.81185514,-121.7515802
175,3,1949,-0.15,36.81169824,-121.7508338
176,3,1949,-0.075,36.81191038,-121.7522986
177,3,1949,-0.0725,36.81160434,-121.7531065
16,3,1949,-0.089166667,36.81163942,-121.7539986
178,3,1949,-0.045,36.81458966,-121.7474681
179,3,1949,0.048333333,36.80878619,-121.7471567
180,3,1949,0.063333333,36.80914908,-121.7475691
181,3,1949,0.166666667,36.80932842,-121.7479257
182,3,1949,-0.019166667,36.80868203,-121.7475123
63,4,1949,-0.400833333,36.8347101,-121.7434821
64,4,1949,-0.144166667,36.83397942,-121.7446572
80,4,1949,-0.001666667,36.83361613,-121.745365
81,4,1949,0.115833333,36.83306563,-121.7457449
82,4,1949,0.025,36.83266718,-121.744713
83,4,1949,0.135,36.83216704,-121.7453442
84,4,1949,0.158333333,36.83177846,-121.744683
85,4,1949,0.008333333,36.83167382,-121.7439663
86,4,1949,0.061666667,36.83149819,-121.7452439
87,4,1949,0.015,36.83110385,-121.7453256
88,4,1949,0.41,36.83133831,-121.745914
89,4,1949,0.285,36.83077856,-121.7459825
90,4,1949,0.064166667,36.83070186,-121.7454942
91,4,1949,0.063333333,36.83011545,-121.7452961
98,4,1949,0.265,36.82729572,-121.7456701
99,4,1949,-0.001666667,36.82765792,-121.745774
100,4,1949,0.003333333,36.82732737,-121.7463883
101,4,1949,-0.0175,36.82743448,-121.7474147
102,4,1949,0.003333333,36.8271254,-121.7470204
103,4,1949,-0.001666667,36.82686464,-121.747404
104,4,1949,-0.0075,36.82621211,-121.7479237
105,4,1949,-0.014166667,36.82702389,-121.7457644
106,4,1949,0.0125,36.81965301,-121.7468374
107,4,1949,-0.086666667,36.82017007,-121.7468406
108,4,1949,-0.031666667,36.81949459,-121.7472745
109,4,1949,-0.010833333,36.81985929,-121.7478479
110,4,1949,-0.024166667,36.81966398,-121.7483204
111,4,1949,-0.001666667,36.82024019,-121.7490757
112,4,1949,-0.0425,36.81944119,-121.7479532
113,4,1949,-0.058333333,36.82353327,-121.7462273
114,4,1949,-0.128333333,36.82456061,-121.7460916
115,4,1949,-0.005,36.82517301,-121.7462095
116,4,1949,-0.011666667,36.82585277,-121.7462132
117,4,1949,0.039166667,36.82442153,-121.7467558
118,4,1949,-0.003333333,36.82463115,-121.7479761
119,4,1949,0.021666667,36.82391255,-121.7482474
120,4,1949,0.0575,36.82432887,-121.7474396
65,5,1949,0.068333333,36.83479598,-121.7453448
66,5,1949,-0.0225,36.83514278,-121.745924
67,5,1949,0.018333333,36.83600358,-121.746467
68,5,1949,0.184166667,36.83656695,-121.7470778
69,5,1949,0.0175,36.8371045,-121.7469785
70,5,1949,0.081666667,36.83718051,-121.7472851
71,5,1949,-0.009166667,36.83752676,-121.7469897
72,5,1949,0.005,36.83679217,-121.7482838
73,5,1949,0.071666667,36.83706391,-121.7489022
74,5,1949,0.0175,36.83637011,-121.7482883
75,5,1949,0.180833333,36.83576894,-121.7473263
76,5,1949,0.0875,36.83636181,-121.7479194
77,5,1949,0.041666667,36.8353034,-121.747051
78,5,1949,-0.009166667,36.83506496,-121.7464911
79,5,1949,0.0075,36.83402782,-121.746116
26,5,1949,0.01,36.83992888,-121.7502933
27,5,1949,0.016666667,36.8391934,-121.750784
28,5,1949,-0.0425,36.83878799,-121.750899
31,5,1949,0.013333333,36.83824439,-121.7503026
33,5,1949,-0.04,36.83839357,-121.7492974
34,5,1949,-0.076666667,36.83891875,-121.7495238
35,5,1949,-0.125,36.8390825,-121.7492139
36,5,1949,0.045,36.83947586,-121.749334
37,5,1949,-0.003333333,36.83974917,-121.7490856
92,5,1949,0.004166667,36.83778468,-121.7434941
93,5,1949,-0.008333333,36.83795899,-121.7439868
94,5,1949,-0.001666667,36.83642898,-121.7433521
95,5,1949,-0.019166667,36.83630975,-121.7438392
96,5,1949,-0.020833333,36.83923308,-121.7460149
10,0,1956,0.152857143,36.81728141,-121.7445638
11,0,1956,0.212857143,36.82080162,-121.742864
12,0,1956,0.367142857,36.82296128,-121.7419457
13,0,1956,0.255714286,36.83555707,-121.7402948
14,0,1956,0.131428571,36.83589898,-121.7399257
17,0,1956,0.492857143,36.81597393,-121.7444804
18,0,1956,0.107142857,36.81644803,-121.7442057
19,0,1956,-0.288571429,36.81376763,-121.7666757
20,0,1956,0.535714286,36.81269449,-121.7666855
15,0,1956,0.021428571,36.84301192,-121.752426
21,0,1956,0.027142857,36.84855875,-121.7572213
22,0,1956,0.297142857,36.84834837,-121.7559189
23,0,1956,0.067142857,36.85093509,-121.758113
24,0,1956,0.078571429,36.85231706,-121.7577792
25,0,1956,-0.121428571,36.85369503,-121.7580746
121,2,1956,0.098571429,36.8171196,-121.7497502
97,2,1956,0.15,36.81760162,-121.7496608
122,2,1956,0.468571429,36.81701175,-121.7508347
123,2,1956,0.851428571,36.81757629,-121.7517896
124,2,1956,-0.007142857,36.8179078,-121.7532674
125,2,1956,0.125714286,36.81762098,-121.7537764
126,2,1956,0.05,36.81776695,-121.7546194
127,2,1956,0.018571429,36.81761165,-121.7551633
128,2,1956,0.248571429,36.81740884,-121.7562938
129,2,1956,0.245714286,36.8171728,-121.7576696
130,2,1956,0.287142857,36.81736929,-121.7587862
131,2,1956,0.124285714,36.8177862,-121.7598844
132,2,1956,0.011428571,36.81686993,-121.7589277
133,2,1956,0.09,36.81612644,-121.7596739
134,2,1956,0.2,36.81608479,-121.759111
135,2,1956,0.005714286,36.81577263,-121.7589084
136,2,1956,-0.105714286,36.81613798,-121.7584946
137,2,1956,0.128571429,36.81664578,-121.7568772
138,2,1956,0.011428571,36.81630713,-121.7564229
139,2,1956,0.038571429,36.81642827,-121.7554643
140,2,1956,0.495714286,36.81745076,-121.7528966
141,2,1956,0.044285714,36.8170767,-121.7536146
142,2,1956,0.187142857,36.81643864,-121.7530391
143,2,1956,0.128571429,36.81578796,-121.7541027
144,2,1956,0.46,36.81476694,-121.760978
145,2,1956,0.437142857,36.81585758,-121.7613229
146,2,1956,0.18,36.81654637,-121.7609003
147,2,1956,0.19,36.81637902,-121.7614713
148,2,1956,0.071428571,36.81521985,-121.7613528
149,2,1956,0.014285714,36.81791189,-121.7656597
150,2,1956,-0.605714286,36.81827917,-121.7654827
151,2,1956,-0.202857143,36.81864959,-121.7668151
152,2,1956,0.564285714,36.81821597,-121.7666275
153,2,1956,0.14,36.81410714,-121.7623566
154,2,1956,-0.092857143,36.81443175,-121.7623376
155,2,1956,0.191428571,36.81433205,-121.762688
156,3,1956,-0.355714286,36.81271446,-121.7455952
157,3,1956,0.074285714,36.81254171,-121.7461764
158,3,1956,0.151428571,36.81149917,-121.7462602
159,3,1956,0.434285714,36.81168033,-121.7470432
160,3,1956,0.144285714,36.81204343,-121.7469854
161,3,1956,0.208571429,36.81221455,-121.7479466
162,3,1956,0.14,36.81201744,-121.7490473
163,3,1956,0.068571429,36.81150273,-121.7488629
164,3,1956,0.278571429,36.8116763,-121.7477923
165,3,1956,0.045714286,36.81110735,-121.7481542
166,3,1956,-0.107142857,36.81116839,-121.747013
167,3,1956,-0.208571429,36.81210307,-121.7455952
1,3,1956,-0.22,36.81121323,-121.7557219
168,3,1956,0.017142857,36.81397284,-121.7462677
169,3,1956,0.15,36.81346116,-121.7475028
170,3,1956,0.155714286,36.81306069,-121.7483381
171,3,1956,0.08,36.81288186,-121.7492938
172,3,1956,0.08,36.81274332,-121.7480953
173,3,1956,0.124285714,36.81225431,-121.7526861
174,3,1956,0.115714286,36.81185514,-121.7515802
175,3,1956,-0.035714286,36.81169824,-121.7508338
176,3,1956,0.215714286,36.81191038,-121.7522986
177,3,1956,0.181428571,36.81160434,-121.7531065
16,3,1956,-0.09,36.81163942,-121.7539986
178,3,1956,0.114285714,36.81458966,-121.7474681
179,3,1956,-0.02,36.80878619,-121.7471567
180,3,1956,0,36.80914908,-121.7475691
181,3,1956,-0.047142857,36.80932842,-121.7479257
182,3,1956,0.131428571,36.80868203,-121.7475123
63,4,1956,-0.178571429,36.8347101,-121.7434821
64,4,1956,0,36.83397942,-121.7446572
80,4,1956,-0.005714286,36.83361613,-121.745365
81,4,1956,-0.23,36.83306563,-121.7457449
82,4,1956,0.132857143,36.83266718,-121.744713
83,4,1956,0.141428571,36.83216704,-121.7453442
84,4,1956,0.018571429,36.83177846,-121.744683
85,4,1956,0.2,36.83167382,-121.7439663
86,4,1956,0.34,36.83149819,-121.7452439
87,4,1956,0.16,36.83110385,-121.7453256
88,4,1956,0.278571429,36.83133831,-121.745914
89,4,1956,0.11,36.83077856,-121.7459825
90,4,1956,0.035714286,36.83070186,-121.7454942
91,4,1956,0.048571429,36.83011545,-121.7452961
98,4,1956,-0.235714286,36.82729572,-121.7456701
99,4,1956,0.075714286,36.82765792,-121.745774
100,4,1956,0.007142857,36.82732737,-121.7463883
101,4,1956,0.121428571,36.82743448,-121.7474147
102,4,1956,-0.018571429,36.8271254,-121.7470204
103,4,1956,0.228571429,36.82686464,-121.747404
104,4,1956,0.104285714,36.82621211,-121.7479237
105,4,1956,0.021428571,36.82702389,-121.7457644
106,4,1956,0.162857143,36.81965301,-121.7468374
107,4,1956,0.178571429,36.82017007,-121.7468406
108,4,1956,0.072857143,36.81949459,-121.7472745
109,4,1956,0.194285714,36.81985929,-121.7478479
110,4,1956,0.144285714,36.81966398,-121.7483204
111,4,1956,0.175714286,36.82024019,-121.7490757
112,4,1956,0.032857143,36.81944119,-121.7479532
113,4,1956,0.168571429,36.82353327,-121.7462273
114,4,1956,0.414285714,36.82456061,-121.7460916
115,4,1956,0.221428571,36.82517301,-121.7462095
116,4,1956,0.192857143,36.82585277,-121.7462132
117,4,1956,0.208571429,36.82442153,-121.7467558
118,4,1956,0.275714286,36.82463115,-121.7479761
119,4,1956,0.077142857,36.82391255,-121.7482474
120,4,1956,0,36.82432887,-121.7474396
65,5,1956,-0.097142857,36.83479598,-121.7453448
66,5,1956,-0.577142857,36.83514278,-121.745924
67,5,1956,0.204285714,36.83600358,-121.746467
68,5,1956,0.25,36.83656695,-121.7470778
69,5,1956,-0.071428571,36.8371045,-121.7469785
70,5,1956,0.001428571,36.83718051,-121.7472851
71,5,1956,0.205714286,36.83752676,-121.7469897
72,5,1956,0.345714286,36.83679217,-121.7482838
73,5,1956,0.104285714,36.83706391,-121.7489022
74,5,1956,-0.035714286,36.83637011,-121.7482883
75,5,1956,-0.252857143,36.83576894,-121.7473263
76,5,1956,-0.28,36.83636181,-121.7479194
77,5,1956,0.051428571,36.8353034,-121.747051
78,5,1956,0.045714286,36.83506496,-121.7464911
79,5,1956,0.017142857,36.83402782,-121.746116
26,5,1956,-0.04,36.83992888,-121.7502933
27,5,1956,0.142857143,36.8391934,-121.750784
28,5,1956,0.098571429,36.83878799,-121.750899
31,5,1956,0,36.83824439,-121.7503026
33,5,1956,0.101428571,36.83839357,-121.7492974
34,5,1956,0.101428571,36.83891875,-121.7495238
35,5,1956,0.251428571,36.8390825,-121.7492139
36,5,1956,0.021428571,36.83947586,-121.749334
37,5,1956,0.08,36.83974917,-121.7490856
92,5,1956,0.168571429,36.83778468,-121.7434941
93,5,1956,0.112857143,36.83795899,-121.7439868
94,5,1956,0.05,36.83642898,-121.7433521
95,5,1956,0.252857143,36.83630975,-121.7438392
96,5,1956,0.078571429,36.83923308,-121.7460149
10,0,1966,-0.065,36.81728141,-121.7445638
11,0,1966,0.008,36.82080162,-121.742864
12,0,1966,-0.192,36.82296128,-121.7419457
13,0,1966,-0.117,36.83555707,-121.7402948
14,0,1966,0.094,36.83589898,-121.7399257
17,0,1966,-0.31,36.81597393,-121.7444804
18,0,1966,-0.075,36.81644803,-121.7442057
19,0,1966,-0.193,36.81376763,-121.7666757
20,0,1966,-0.534,36.81269449,-121.7666855
15,0,1966,-0.101,36.84301192,-121.752426
21,0,1966,-0.237,36.84855875,-121.7572213
22,0,1966,-0.166,36.84834837,-121.7559189
23,0,1966,-0.036,36.85093509,-121.758113
24,0,1966,-0.134,36.85231706,-121.7577792
25,0,1966,0.05,36.85369503,-121.7580746
121,2,1966,0.646,36.8171196,-121.7497502
97,2,1966,0.04,36.81760162,-121.7496608
122,2,1966,0.196,36.81701175,-121.7508347
123,2,1966,-0.003,36.81757629,-121.7517896
124,2,1966,-0.025,36.8179078,-121.7532674
125,2,1966,0.423,36.81762098,-121.7537764
126,2,1966,0.18,36.81776695,-121.7546194
127,2,1966,0.094,36.81761165,-121.7551633
128,2,1966,0.133,36.81740884,-121.7562938
129,2,1966,0.216,36.8171728,-121.7576696
130,2,1966,0.122,36.81736929,-121.7587862
131,2,1966,0.202,36.8177862,-121.7598844
132,2,1966,0.24,36.81686993,-121.7589277
133,2,1966,0.025,36.81612644,-121.7596739
134,2,1966,0.048,36.81608479,-121.759111
135,2,1966,-0.05,36.81577263,-121.7589084
136,2,1966,0.034,36.81613798,-121.7584946
137,2,1966,0.015,36.81664578,-121.7568772
138,2,1966,-0.043,36.81630713,-121.7564229
139,2,1966,0.025,36.81642827,-121.7554643
140,2,1966,0.081,36.81745076,-121.7528966
141,2,1966,0,36.8170767,-121.7536146
142,2,1966,-0.035,36.81643864,-121.7530391
143,2,1966,0.07,36.81578796,-121.7541027
144,2,1966,0.056,36.81476694,-121.760978
145,2,1966,0.266,36.81585758,-121.7613229
146,2,1966,-0.026,36.81654637,-121.7609003
147,2,1966,0.266,36.81637902,-121.7614713
148,2,1966,0.071,36.81521985,-121.7613528
149,2,1966,-0.153,36.81791189,-121.7656597
150,2,1966,0.209,36.81827917,-121.7654827
151,2,1966,-0.397,36.81864959,-121.7668151
152,2,1966,-1.324,36.81821597,-121.7666275
153,2,1966,0.099,36.81410714,-121.7623566
154,2,1966,0.055,36.81443175,-121.7623376
155,2,1966,-0.085,36.81433205,-121.762688
156,3,1966,0.263,36.81271446,-121.7455952
157,3,1966,-0.057,36.81254171,-121.7461764
158,3,1966,0.282,36.81149917,-121.7462602
159,3,1966,0.219,36.81168033,-121.7470432
160,3,1966,0.044,36.81204343,-121.7469854
161,3,1966,0.08,36.81221455,-121.7479466
162,3,1966,0.034,36.81201744,-121.7490473
163,3,1966,-0.004,36.81150273,-121.7488629
164,3,1966,0.357,36.8116763,-121.7477923
165,3,1966,0.252,36.81110735,-121.7481542
166,3,1966,0,36.81116839,-121.747013
167,3,1966,0.201,36.81210307,-121.7455952
1,3,1966,0.187,36.81121323,-121.7557219
168,3,1966,0.077,36.81397284,-121.7462677
169,3,1966,0.021,36.81346116,-121.7475028
170,3,1966,0,36.81306069,-121.7483381
171,3,1966,-0.045,36.81288186,-121.7492938
172,3,1966,0.006,36.81274332,-121.7480953
173,3,1966,0.175,36.81225431,-121.7526861
174,3,1966,0.074,36.81185514,-121.7515802
175,3,1966,0.126,36.81169824,-121.7508338
176,3,1966,-0.14,36.81191038,-121.7522986
177,3,1966,0.245,36.81160434,-121.7531065
16,3,1966,0.1,36.81163942,-121.7539986
178,3,1966,-0.055,36.81458966,-121.7474681
179,3,1966,-0.111,36.80878619,-121.7471567
180,3,1966,-0.09,36.80914908,-121.7475691
181,3,1966,0.085,36.80932842,-121.7479257
182,3,1966,-0.092,36.80868203,-121.7475123
63,4,1966,0.255,36.8347101,-121.7434821
64,4,1966,-0.076,36.83397942,-121.7446572
80,4,1966,0.081,36.83361613,-121.745365
81,4,1966,0.271,36.83306563,-121.7457449
82,4,1966,-0.075,36.83266718,-121.744713
83,4,1966,0.07,36.83216704,-121.7453442
84,4,1966,-0.077,36.83177846,-121.744683
85,4,1966,-0.124,36.83167382,-121.7439663
86,4,1966,-0.208,36.83149819,-121.7452439
87,4,1966,-0.125,36.83110385,-121.7453256
88,4,1966,-0.569,36.83133831,-121.745914
89,4,1966,-0.07,36.83077856,-121.7459825
90,4,1966,-0.033,36.83070186,-121.7454942
91,4,1966,-0.111,36.83011545,-121.7452961
98,4,1966,0.28,36.82729572,-121.7456701
99,4,1966,-0.084,36.82765792,-121.745774
100,4,1966,0.265,36.82732737,-121.7463883
101,4,1966,0.136,36.82743448,-121.7474147
102,4,1966,0.068,36.8271254,-121.7470204
103,4,1966,-0.014,36.82686464,-121.747404
104,4,1966,0.03,36.82621211,-121.7479237
105,4,1966,0.031,36.82702389,-121.7457644
106,4,1966,0.087,36.81965301,-121.7468374
107,4,1966,-0.05,36.82017007,-121.7468406
108,4,1966,-0.1,36.81949459,-121.7472745
109,4,1966,-0.124,36.81985929,-121.7478479
110,4,1966,-0.026,36.81966398,-121.7483204
111,4,1966,-0.075,36.82024019,-121.7490757
112,4,1966,0.024,36.81944119,-121.7479532
113,4,1966,-0.05,36.82353327,-121.7462273
114,4,1966,0.145,36.82456061,-121.7460916
115,4,1966,-0.071,36.82517301,-121.7462095
116,4,1966,-0.011,36.82585277,-121.7462132
117,4,1966,-0.025,36.82442153,-121.7467558
118,4,1966,0.095,36.82463115,-121.7479761
119,4,1966,0.215,36.82391255,-121.7482474
120,4,1966,0.075,36.82432887,-121.7474396
65,5,1966,0.023,36.83479598,-121.7453448
66,5,1966,0.67,36.83514278,-121.745924
67,5,1966,-0.111,36.83600358,-121.746467
68,5,1966,0.035,36.83656695,-121.7470778
69,5,1966,0.111,36.8371045,-121.7469785
70,5,1966,0.025,36.83718051,-121.7472851
71,5,1966,-0.033,36.83752676,-121.7469897
72,5,1966,-0.152,36.83679217,-121.7482838
73,5,1966,-0.02,36.83706391,-121.7489022
74,5,1966,0.192,36.83637011,-121.7482883
75,5,1966,0.142,36.83576894,-121.7473263
76,5,1966,0.357,36.83636181,-121.7479194
77,5,1966,-0.019,36.8353034,-121.747051
78,5,1966,0.024,36.83506496,-121.7464911
79,5,1966,0.046,36.83402782,-121.746116
26,5,1966,0.113,36.83992888,-121.7502933
27,5,1966,-0.066,36.8391934,-121.750784
28,5,1966,0.068,36.83878799,-121.750899
31,5,1966,0.148,36.83824439,-121.7503026
33,5,1966,-0.019,36.83839357,-121.7492974
34,5,1966,0.018,36.83891875,-121.7495238
35,5,1966,-0.054,36.8390825,-121.7492139
36,5,1966,-0.027,36.83947586,-121.749334
37,5,1966,-0.054,36.83974917,-121.7490856
92,5,1966,0.02,36.83778468,-121.7434941
93,5,1966,0,36.83795899,-121.7439868
94,5,1966,0.031,36.83642898,-121.7433521
95,5,1966,-0.023,36.83630975,-121.7438392
96,5,1966,-0.005,36.83923308,-121.7460149
10,0,1971,0.326,36.81728141,-121.7445638
11,0,1971,0.492,36.82080162,-121.742864
12,0,1971,-0.156,36.82296128,-121.7419457
13,0,1971,0.262,36.83555707,-121.7402948
14,0,1971,0.05,36.83589898,-121.7399257
17,0,1971,0.538,36.81597393,-121.7444804
18,0,1971,0.104,36.81644803,-121.7442057
19,0,1971,0.028,36.81376763,-121.7666757
20,0,1971,-0.346,36.81269449,-121.7666855
15,0,1971,-0.262,36.84301192,-121.752426
21,0,1971,-0.22,36.84855875,-121.7572213
22,0,1971,0.13,36.84834837,-121.7559189
23,0,1971,0.118,36.85093509,-121.758113
24,0,1971,0.108,36.85231706,-121.7577792
25,0,1971,0.07,36.85369503,-121.7580746
121,2,1971,0.184,36.8171196,-121.7497502
97,2,1971,0.066,36.81760162,-121.7496608
122,2,1971,0.296,36.81701175,-121.7508347
123,2,1971,0.374,36.81757629,-121.7517896
124,2,1971,-0.098,36.8179078,-121.7532674
125,2,1971,-0.182,36.81762098,-121.7537764
126,2,1971,-0.168,36.81776695,-121.7546194
127,2,1971,0.014,36.81761165,-121.7551633
128,2,1971,0.248,36.81740884,-121.7562938
129,2,1971,0.072,36.8171728,-121.7576696
130,2,1971,-0.08,36.81736929,-121.7587862
131,2,1971,0.25,36.8177862,-121.7598844
132,2,1971,0.086,36.81686993,-121.7589277
133,2,1971,0,36.81612644,-121.7596739
134,2,1971,0.412,36.81608479,-121.759111
135,2,1971,0.07,36.81577263,-121.7589084
136,2,1971,-0.024,36.81613798,-121.7584946
137,2,1971,0.258,36.81664578,-121.7568772
138,2,1971,0.178,36.81630713,-121.7564229
139,2,1971,0.05,36.81642827,-121.7554643
140,2,1971,0.016,36.81745076,-121.7528966
141,2,1971,-0.062,36.8170767,-121.7536146
142,2,1971,0.33,36.81643864,-121.7530391
143,2,1971,0,36.81578796,-121.7541027
144,2,1971,-0.112,36.81476694,-121.760978
145,2,1971,0.16,36.81585758,-121.7613229
146,2,1971,0.102,36.81654637,-121.7609003
147,2,1971,0.044,36.81637902,-121.7614713
148,2,1971,0.094,36.81521985,-121.7613528
149,2,1971,0.196,36.81791189,-121.7656597
150,2,1971,0.136,36.81827917,-121.7654827
151,2,1971,0.44,36.81864959,-121.7668151
152,2,1971,0.214,36.81821597,-121.7666275
153,2,1971,0.05,36.81410714,-121.7623566
154,2,1971,0.07,36.81443175,-121.7623376
155,2,1971,0.108,36.81433205,-121.762688
156,3,1971,0.24,36.81271446,-121.7455952
157,3,1971,0.186,36.81254171,-121.7461764
158,3,1971,0.004,36.81149917,-121.7462602
159,3,1971,0.088,36.81168033,-121.7470432
160,3,1971,-0.148,36.81204343,-121.7469854
161,3,1971,0.106,36.81221455,-121.7479466
162,3,1971,0.46,36.81201744,-121.7490473
163,3,1971,0.276,36.81150273,-121.7488629
164,3,1971,0.314,36.8116763,-121.7477923
165,3,1971,0.37,36.81110735,-121.7481542
166,3,1971,0.12,36.81116839,-121.747013
167,3,1971,0.072,36.81210307,-121.7455952
1,3,1971,0.004,36.81121323,-121.7557219
168,3,1971,0.204,36.81397284,-121.7462677
169,3,1971,0.304,36.81346116,-121.7475028
170,3,1971,0.112,36.81306069,-121.7483381
171,3,1971,0.124,36.81288186,-121.7492938
172,3,1971,0.032,36.81274332,-121.7480953
173,3,1971,0.502,36.81225431,-121.7526861
174,3,1971,0.358,36.81185514,-121.7515802
175,3,1971,0.048,36.81169824,-121.7508338
176,3,1971,0.09,36.81191038,-121.7522986
177,3,1971,0.44,36.81160434,-121.7531065
16,3,1971,0.39,36.81163942,-121.7539986
178,3,1971,0.154,36.81458966,-121.7474681
179,3,1971,0.288,36.80878619,-121.7471567
180,3,1971,0.14,36.80914908,-121.7475691
181,3,1971,0.046,36.80932842,-121.7479257
182,3,1971,0.048,36.80868203,-121.7475123
63,4,1971,0.454,36.8347101,-121.7434821
64,4,1971,0.208,36.83397942,-121.7446572
80,4,1971,-0.138,36.83361613,-121.745365
81,4,1971,0.12,36.83306563,-121.7457449
82,4,1971,-0.036,36.83266718,-121.744713
83,4,1971,0.14,36.83216704,-121.7453442
84,4,1971,0.038,36.83177846,-121.744683
85,4,1971,0.124,36.83167382,-121.7439663
86,4,1971,0.064,36.83149819,-121.7452439
87,4,1971,0.13,36.83110385,-121.7453256
88,4,1971,0.506,36.83133831,-121.745914
89,4,1971,0.366,36.83077856,-121.7459825
90,4,1971,0.268,36.83070186,-121.7454942
91,4,1971,0.042,36.83011545,-121.7452961
98,4,1971,0.186,36.82729572,-121.7456701
99,4,1971,0.41,36.82765792,-121.745774
100,4,1971,0.086,36.82732737,-121.7463883
101,4,1971,0.042,36.82743448,-121.7474147
102,4,1971,0.222,36.8271254,-121.7470204
103,4,1971,0.222,36.82686464,-121.747404
104,4,1971,-0.096,36.82621211,-121.7479237
105,4,1971,0.048,36.82702389,-121.7457644
106,4,1971,0.092,36.81965301,-121.7468374
107,4,1971,-0.05,36.82017007,-121.7468406
108,4,1971,0.112,36.81949459,-121.7472745
109,4,1971,0.026,36.81985929,-121.7478479
110,4,1971,0.152,36.81966398,-121.7483204
111,4,1971,0.102,36.82024019,-121.7490757
112,4,1971,-0.006,36.81944119,-121.7479532
113,4,1971,0.134,36.82353327,-121.7462273
114,4,1971,0.158,36.82456061,-121.7460916
115,4,1971,0.092,36.82517301,-121.7462095
116,4,1971,0.278,36.82585277,-121.7462132
117,4,1971,0.352,36.82442153,-121.7467558
118,4,1971,0.126,36.82463115,-121.7479761
119,4,1971,-0.276,36.82391255,-121.7482474
120,4,1971,0.06,36.82432887,-121.7474396
65,5,1971,0.27,36.83479598,-121.7453448
66,5,1971,0.184,36.83514278,-121.745924
67,5,1971,-0.076,36.83600358,-121.746467
68,5,1971,-0.118,36.83656695,-121.7470778
69,5,1971,-0.11,36.8371045,-121.7469785
70,5,1971,0.602,36.83718051,-121.7472851
71,5,1971,-0.09,36.83752676,-121.7469897
72,5,1971,0.294,36.83679217,-121.7482838
73,5,1971,-0.07,36.83706391,-121.7489022
74,5,1971,-0.268,36.83637011,-121.7482883
75,5,1971,0.194,36.83576894,-121.7473263
76,5,1971,0.03,36.83636181,-121.7479194
77,5,1971,0.144,36.8353034,-121.747051
78,5,1971,0.198,36.83506496,-121.7464911
79,5,1971,0.034,36.83402782,-121.746116
26,5,1971,0.19,36.83992888,-121.7502933
27,5,1971,0.226,36.8391934,-121.750784
28,5,1971,0.06,36.83878799,-121.750899
31,5,1971,-0.066,36.83824439,-121.7503026
33,5,1971,0.216,36.83839357,-121.7492974
34,5,1971,0.034,36.83891875,-121.7495238
35,5,1971,-0.134,36.8390825,-121.7492139
36,5,1971,0.124,36.83947586,-121.749334
37,5,1971,0.046,36.83974917,-121.7490856
92,5,1971,0.21,36.83778468,-121.7434941
93,5,1971,-0.038,36.83795899,-121.7439868
94,5,1971,0.08,36.83642898,-121.7433521
95,5,1971,0.09,36.83630975,-121.7438392
96,5,1971,0,36.83923308,-121.7460149
10,0,1976,-0.1,36.81728141,-121.7445638
11,0,1976,0.068,36.82080162,-121.742864
12,0,1976,0.804,36.82296128,-121.7419457
13,0,1976,0.402,36.83555707,-121.7402948
14,0,1976,0.374,36.83589898,-121.7399257
17,0,1976,-0.164,36.81597393,-121.7444804
18,0,1976,0.06,36.81644803,-121.7442057
19,0,1976,0.19,36.81376763,-121.7666757
20,0,1976,0.06,36.81269449,-121.7666855
15,0,1976,0.536,36.84301192,-121.752426
21,0,1976,0.802,36.84855875,-121.7572213
22,0,1976,0.07,36.84834837,-121.7559189
23,0,1976,0.178,36.85093509,-121.758113
24,0,1976,0.356,36.85231706,-121.7577792
25,0,1976,-0.068,36.85369503,-121.7580746
121,2,1976,0.066,36.8171196,-121.7497502
97,2,1976,0.078,36.81760162,-121.7496608
122,2,1976,0.32,36.81701175,-121.7508347
123,2,1976,-0.006,36.81757629,-121.7517896
124,2,1976,0.096,36.8179078,-121.7532674
125,2,1976,0.196,36.81762098,-121.7537764
126,2,1976,-0.038,36.81776695,-121.7546194
127,2,1976,0.024,36.81761165,-121.7551633
128,2,1976,-0.218,36.81740884,-121.7562938
129,2,1976,-0.104,36.8171728,-121.7576696
130,2,1976,-0.004,36.81736929,-121.7587862
131,2,1976,-0.456,36.8177862,-121.7598844
132,2,1976,0.158,36.81686993,-121.7589277
133,2,1976,0.114,36.81612644,-121.7596739
134,2,1976,-0.28,36.81608479,-121.759111
135,2,1976,0.138,36.81577263,-121.7589084
136,2,1976,0.334,36.81613798,-121.7584946
137,2,1976,0.098,36.81664578,-121.7568772
138,2,1976,0.036,36.81630713,-121.7564229
139,2,1976,-0.002,36.81642827,-121.7554643
140,2,1976,-0.01,36.81745076,-121.7528966
141,2,1976,0.112,36.8170767,-121.7536146
142,2,1976,0.204,36.81643864,-121.7530391
143,2,1976,0.254,36.81578796,-121.7541027
144,2,1976,0.312,36.81476694,-121.760978
145,2,1976,-0.052,36.81585758,-121.7613229
146,2,1976,-0.04,36.81654637,-121.7609003
147,2,1976,0.316,36.81637902,-121.7614713
148,2,1976,0.086,36.81521985,-121.7613528
149,2,1976,-0.218,36.81791189,-121.7656597
150,2,1976,-0.2,36.81827917,-121.7654827
151,2,1976,-0.752,36.81864959,-121.7668151
152,2,1976,-0.18,36.81821597,-121.7666275
153,2,1976,0.164,36.81410714,-121.7623566
154,2,1976,0.076,36.81443175,-121.7623376
155,2,1976,0.002,36.81433205,-121.762688
156,3,1976,-0.244,36.81271446,-121.7455952
157,3,1976,-0.272,36.81254171,-121.7461764
158,3,1976,0.014,36.81149917,-121.7462602
159,3,1976,0.21,36.81168033,-121.7470432
160,3,1976,0.242,36.81204343,-121.7469854
161,3,1976,-0.02,36.81221455,-121.7479466
162,3,1976,-0.236,36.81201744,-121.7490473
163,3,1976,0.088,36.81150273,-121.7488629
164,3,1976,-0.11,36.8116763,-121.7477923
165,3,1976,0.294,36.81110735,-121.7481542
166,3,1976,-0.018,36.81116839,-121.747013
167,3,1976,-0.106,36.81210307,-121.7455952
1,3,1976,0.64,36.81121323,-121.7557219
168,3,1976,0.118,36.81397284,-121.7462677
169,3,1976,-0.25,36.81346116,-121.7475028
170,3,1976,-0.178,36.81306069,-121.7483381
171,3,1976,-0.01,36.81288186,-121.7492938
172,3,1976,0.026,36.81274332,-121.7480953
173,3,1976,0.142,36.81225431,-121.7526861
174,3,1976,-0.124,36.81185514,-121.7515802
175,3,1976,-0.096,36.81169824,-121.7508338
176,3,1976,-0.046,36.81191038,-121.7522986
177,3,1976,-0.278,36.81160434,-121.7531065
16,3,1976,0.044,36.81163942,-121.7539986
178,3,1976,0.182,36.81458966,-121.7474681
179,3,1976,-0.108,36.80878619,-121.7471567
180,3,1976,-0.096,36.80914908,-121.7475691
181,3,1976,0.004,36.80932842,-121.7479257
182,3,1976,0.16,36.80868203,-121.7475123
63,4,1976,0.248,36.8347101,-121.7434821
64,4,1976,0.264,36.83397942,-121.7446572
80,4,1976,0.194,36.83361613,-121.745365
81,4,1976,-0.028,36.83306563,-121.7457449
82,4,1976,-0.032,36.83266718,-121.744713
83,4,1976,-0.274,36.83216704,-121.7453442
84,4,1976,0.306,36.83177846,-121.744683
85,4,1976,0.002,36.83167382,-121.7439663
86,4,1976,0.356,36.83149819,-121.7452439
87,4,1976,0.11,36.83110385,-121.7453256
88,4,1976,0.172,36.83133831,-121.745914
89,4,1976,0.066,36.83077856,-121.7459825
90,4,1976,-0.09,36.83070186,-121.7454942
91,4,1976,0.114,36.83011545,-121.7452961
98,4,1976,0.156,36.82729572,-121.7456701
99,4,1976,-0.094,36.82765792,-121.745774
100,4,1976,0.174,36.82732737,-121.7463883
101,4,1976,0.382,36.82743448,-121.7474147
102,4,1976,0.342,36.8271254,-121.7470204
103,4,1976,0.016,36.82686464,-121.747404
104,4,1976,0.404,36.82621211,-121.7479237
105,4,1976,0.31,36.82702389,-121.7457644
106,4,1976,0.17,36.81965301,-121.7468374
107,4,1976,0.41,36.82017007,-121.7468406
108,4,1976,0.41,36.81949459,-121.7472745
109,4,1976,0.044,36.81985929,-121.7478479
110,4,1976,-0.2,36.81966398,-121.7483204
111,4,1976,0.102,36.82024019,-121.7490757
112,4,1976,0.152,36.81944119,-121.7479532
113,4,1976,-0.138,36.82353327,-121.7462273
114,4,1976,0.26,36.82456061,-121.7460916
115,4,1976,0.152,36.82517301,-121.7462095
116,4,1976,-0.144,36.82585277,-121.7462132
117,4,1976,0.002,36.82442153,-121.7467558
118,4,1976,0.32,36.82463115,-121.7479761
119,4,1976,0.502,36.82391255,-121.7482474
120,4,1976,-0.104,36.82432887,-121.7474396
65,5,1976,-0.068,36.83479598,-121.7453448
66,5,1976,-0.138,36.83514278,-121.745924
67,5,1976,0.258,36.83600358,-121.746467
68,5,1976,0.506,36.83656695,-121.7470778
69,5,1976,0.398,36.8371045,-121.7469785
70,5,1976,-0.198,36.83718051,-121.7472851
71,5,1976,0.43,36.83752676,-121.7469897
72,5,1976,0.308,36.83679217,-121.7482838
73,5,1976,0.216,36.83706391,-121.7489022
74,5,1976,0.076,36.83637011,-121.7482883
75,5,1976,0.29,36.83576894,-121.7473263
76,5,1976,0.27,36.83636181,-121.7479194
77,5,1976,-0.028,36.8353034,-121.747051
78,5,1976,0.272,36.83506496,-121.7464911
79,5,1976,0.156,36.83402782,-121.746116
26,5,1976,0.316,36.83992888,-121.7502933
27,5,1976,-0.136,36.8391934,-121.750784
28,5,1976,0.048,36.83878799,-121.750899
31,5,1976,0.256,36.83824439,-121.7503026
33,5,1976,0.104,36.83839357,-121.7492974
34,5,1976,0.504,36.83891875,-121.7495238
35,5,1976,0.432,36.8390825,-121.7492139
36,5,1976,0.24,36.83947586,-121.749334
37,5,1976,0.356,36.83974917,-121.7490856
92,5,1976,0.146,36.83778468,-121.7434941
93,5,1976,0.392,36.83795899,-121.7439868
94,5,1976,0.396,36.83642898,-121.7433521
95,5,1976,0.208,36.83630975,-121.7438392
96,5,1976,0.208,36.83923308,-121.7460149
10,0,1980,0.71,36.81728141,-121.7445638
11,0,1980,-0.1,36.82080162,-121.742864
12,0,1980,-0.8925,36.82296128,-121.7419457
13,0,1980,-0.1975,36.83555707,-121.7402948
14,0,1980,0,36.83589898,-121.7399257
17,0,1980,0.0625,36.81597393,-121.7444804
18,0,1980,0.0625,36.81644803,-121.7442057
19,0,1980,1.385,36.81376763,-121.7666757
20,0,1980,1.8825,36.81269449,-121.7666855
15,0,1980,-0.0025,36.84301192,-121.752426
21,0,1980,0.065,36.84855875,-121.7572213
22,0,1980,0.29,36.84834837,-121.7559189
23,0,1980,-0.0325,36.85093509,-121.758113
24,0,1980,0.1725,36.85231706,-121.7577792
25,0,1980,0.1425,36.85369503,-121.7580746
121,2,1980,0.4275,36.8171196,-121.7497502
97,2,1980,-0.0775,36.81760162,-121.7496608
122,2,1980,-0.1175,36.81701175,-121.7508347
123,2,1980,0.1675,36.81757629,-121.7517896
124,2,1980,0.08,36.8179078,-121.7532674
125,2,1980,0.13,36.81762098,-121.7537764
126,2,1980,-0.01,36.81776695,-121.7546194
127,2,1980,-0.1925,36.81761165,-121.7551633
128,2,1980,0.2875,36.81740884,-121.7562938
129,2,1980,0.2075,36.8171728,-121.7576696
130,2,1980,0.05,36.81736929,-121.7587862
131,2,1980,0.305,36.8177862,-121.7598844
132,2,1980,0.1675,36.81686993,-121.7589277
133,2,1980,-0.1,36.81612644,-121.7596739
134,2,1980,0,36.81608479,-121.759111
135,2,1980,-0.1175,36.81577263,-121.7589084
136,2,1980,-0.22,36.81613798,-121.7584946
137,2,1980,0.2225,36.81664578,-121.7568772
138,2,1980,-0.1275,36.81630713,-121.7564229
139,2,1980,-0.0575,36.81642827,-121.7554643
140,2,1980,0.1325,36.81745076,-121.7528966
141,2,1980,-0.06,36.8170767,-121.7536146
142,2,1980,-0.22,36.81643864,-121.7530391
143,2,1980,-0.125,36.81578796,-121.7541027
144,2,1980,0.1875,36.81476694,-121.760978
145,2,1980,0.1325,36.81585758,-121.7613229
146,2,1980,0.055,36.81654637,-121.7609003
147,2,1980,-0.1775,36.81637902,-121.7614713
148,2,1980,0.0475,36.81521985,-121.7613528
149,2,1980,-0.265,36.81791189,-121.7656597
150,2,1980,0.2375,36.81827917,-121.7654827
151,2,1980,1.0075,36.81864959,-121.7668151
152,2,1980,0.79,36.81821597,-121.7666275
153,2,1980,-0.0825,36.81410714,-121.7623566
154,2,1980,-0.125,36.81443175,-121.7623376
155,2,1980,-0.015,36.81433205,-121.762688
156,3,1980,-1.525,36.81271446,-121.7455952
157,3,1980,0.4,36.81254171,-121.7461764
158,3,1980,0.3475,36.81149917,-121.7462602
159,3,1980,0.2875,36.81168033,-121.7470432
160,3,1980,0,36.81204343,-121.7469854
161,3,1980,0.01,36.81221455,-121.7479466
162,3,1980,0.3075,36.81201744,-121.7490473
163,3,1980,-0.01,36.81150273,-121.7488629
164,3,1980,0.33,36.8116763,-121.7477923
165,3,1980,0.0375,36.81110735,-121.7481542
166,3,1980,0.2025,36.81116839,-121.747013
167,3,1980,0.1975,36.81210307,-121.7455952
1,3,1980,-0.1175,36.81121323,-121.7557219
168,3,1980,-0.22,36.81397284,-121.7462677
169,3,1980,0.3275,36.81346116,-121.7475028
170,3,1980,0.1225,36.81306069,-121.7483381
171,3,1980,0.0775,36.81288186,-121.7492938
172,3,1980,0.14,36.81274332,-121.7480953
173,3,1980,0.1225,36.81225431,-121.7526861
174,3,1980,0.5825,36.81185514,-121.7515802
175,3,1980,1.1925,36.81169824,-121.7508338
176,3,1980,0.165,36.81191038,-121.7522986
177,3,1980,0.17,36.81160434,-121.7531065
16,3,1980,-0.445,36.81163942,-121.7539986
178,3,1980,0.045,36.81458966,-121.7474681
179,3,1980,0.0425,36.80878619,-121.7471567
180,3,1980,0.0575,36.80914908,-121.7475691
181,3,1980,0.0625,36.80932842,-121.7479257
182,3,1980,-0.0775,36.80868203,-121.7475123
63,4,1980,0.2275,36.8347101,-121.7434821
64,4,1980,0.0625,36.83397942,-121.7446572
80,4,1980,0.235,36.83361613,-121.745365
81,4,1980,-0.0725,36.83306563,-121.7457449
82,4,1980,0.525,36.83266718,-121.744713
83,4,1980,0.4875,36.83216704,-121.7453442
84,4,1980,-0.14,36.83177846,-121.744683
85,4,1980,0.055,36.83167382,-121.7439663
86,4,1980,0.225,36.83149819,-121.7452439
87,4,1980,0.06,36.83110385,-121.7453256
88,4,1980,-0.4875,36.83133831,-121.745914
89,4,1980,-0.41,36.83077856,-121.7459825
90,4,1980,0.0875,36.83070186,-121.7454942
91,4,1980,-0.085,36.83011545,-121.7452961
98,4,1980,0.18,36.82729572,-121.7456701
99,4,1980,0.255,36.82765792,-121.745774
100,4,1980,0.43,36.82732737,-121.7463883
101,4,1980,0.005,36.82743448,-121.7474147
102,4,1980,0.085,36.8271254,-121.7470204
103,4,1980,-0.2375,36.82686464,-121.747404
104,4,1980,-0.045,36.82621211,-121.7479237
105,4,1980,-0.445,36.82702389,-121.7457644
106,4,1980,0.025,36.81965301,-121.7468374
107,4,1980,-0.005,36.82017007,-121.7468406
108,4,1980,0.0925,36.81949459,-121.7472745
109,4,1980,0.195,36.81985929,-121.7478479
110,4,1980,0.3775,36.81966398,-121.7483204
111,4,1980,0.8475,36.82024019,-121.7490757
112,4,1980,-0.0625,36.81944119,-121.7479532
113,4,1980,0.27,36.82353327,-121.7462273
114,4,1980,-0.0175,36.82456061,-121.7460916
115,4,1980,0.265,36.82517301,-121.7462095
116,4,1980,-0.165,36.82585277,-121.7462132
117,4,1980,0.0675,36.82442153,-121.7467558
118,4,1980,-0.07,36.82463115,-121.7479761
119,4,1980,-0.0125,36.82391255,-121.7482474
120,4,1980,0,36.82432887,-121.7474396
65,5,1980,-0.12,36.83479598,-121.7453448
66,5,1980,0.4875,36.83514278,-121.745924
67,5,1980,0,36.83600358,-121.746467
68,5,1980,0.185,36.83656695,-121.7470778
69,5,1980,0.145,36.8371045,-121.7469785
70,5,1980,0.19,36.83718051,-121.7472851
71,5,1980,0.3525,36.83752676,-121.7469897
72,5,1980,-0.1925,36.83679217,-121.7482838
73,5,1980,0.13,36.83706391,-121.7489022
74,5,1980,0.5775,36.83637011,-121.7482883
75,5,1980,0.4825,36.83576894,-121.7473263
76,5,1980,0.31,36.83636181,-121.7479194
77,5,1980,0.5725,36.8353034,-121.747051
78,5,1980,0.01,36.83506496,-121.7464911
79,5,1980,0.44,36.83402782,-121.746116
26,5,1980,0.0775,36.83992888,-121.7502933
27,5,1980,0.3725,36.8391934,-121.750784
28,5,1980,-0.075,36.83878799,-121.750899
31,5,1980,0.0875,36.83824439,-121.7503026
33,5,1980,0.1975,36.83839357,-121.7492974
34,5,1980,0.185,36.83891875,-121.7495238
35,5,1980,0,36.8390825,-121.7492139
36,5,1980,-0.2425,36.83947586,-121.749334
37,5,1980,-0.1275,36.83974917,-121.7490856
92,5,1980,0.1975,36.83778468,-121.7434941
93,5,1980,-0.195,36.83795899,-121.7439868
94,5,1980,0.0725,36.83642898,-121.7433521
95,5,1980,-0.0225,36.83630975,-121.7438392
96,5,1980,-0.305,36.83923308,-121.7460149
10,0,1987,-0.232857143,36.81728141,-121.7445638
11,0,1987,0.374285714,36.82080162,-121.742864
12,0,1987,0.94,36.82296128,-121.7419457
13,0,1987,0.248571429,36.83555707,-121.7402948
14,0,1987,-0.034285714,36.83589898,-121.7399257
17,0,1987,-0.098571429,36.81597393,-121.7444804
18,0,1987,-0.111428571,36.81644803,-121.7442057
19,0,1987,-0.555714286,36.81376763,-121.7666757
20,0,1987,-0.288571429,36.81269449,-121.7666855
15,0,1987,-0.097142857,36.84301192,-121.752426
21,0,1987,0.294285714,36.84855875,-121.7572213
22,0,1987,0.027142857,36.84834837,-121.7559189
23,0,1987,0.15,36.85093509,-121.758113
24,0,1987,-0.072857143,36.85231706,-121.7577792
25,0,1987,0.095714286,36.85369503,-121.7580746
121,2,1987,0.444285714,36.8171196,-121.7497502
97,2,1987,0.22,36.81760162,-121.7496608
122,2,1987,0.442857143,36.81701175,-121.7508347
123,2,1987,0.484285714,36.81757629,-121.7517896
124,2,1987,0.248571429,36.8179078,-121.7532674
125,2,1987,0.581428571,36.81762098,-121.7537764
126,2,1987,0.39,36.81776695,-121.7546194
127,2,1987,0.49,36.81761165,-121.7551633
128,2,1987,0.602857143,36.81740884,-121.7562938
129,2,1987,0.52,36.8171728,-121.7576696
130,2,1987,0.761428571,36.81736929,-121.7587862
131,2,1987,0.438571429,36.8177862,-121.7598844
132,2,1987,0.321428571,36.81686993,-121.7589277
133,2,1987,0.368571429,36.81612644,-121.7596739
134,2,1987,0.424285714,36.81608479,-121.759111
135,2,1987,0.151428571,36.81577263,-121.7589084
136,2,1987,0.41,36.81613798,-121.7584946
137,2,1987,0.262857143,36.81664578,-121.7568772
138,2,1987,0.242857143,36.81630713,-121.7564229
139,2,1987,0.215714286,36.81642827,-121.7554643
140,2,1987,0.215714286,36.81745076,-121.7528966
141,2,1987,0.29,36.8170767,-121.7536146
142,2,1987,0.138571429,36.81643864,-121.7530391
143,2,1987,0.224285714,36.81578796,-121.7541027
144,2,1987,0.331428571,36.81476694,-121.760978
145,2,1987,0.061428571,36.81585758,-121.7613229
146,2,1987,0.181428571,36.81654637,-121.7609003
147,2,1987,0.381428571,36.81637902,-121.7614713
148,2,1987,-0.075714286,36.81521985,-121.7613528
149,2,1987,0.097142857,36.81791189,-121.7656597
150,2,1987,0.192857143,36.81827917,-121.7654827
151,2,1987,0.21,36.81864959,-121.7668151
152,2,1987,-0.265714286,36.81821597,-121.7666275
153,2,1987,-0.157142857,36.81410714,-121.7623566
154,2,1987,0.034285714,36.81443175,-121.7623376
155,2,1987,0.001428571,36.81433205,-121.762688
156,3,1987,1.644285714,36.81271446,-121.7455952
157,3,1987,0.2,36.81254171,-121.7461764
158,3,1987,0.542857143,36.81149917,-121.7462602
159,3,1987,0.051428571,36.81168033,-121.7470432
160,3,1987,0.207142857,36.81204343,-121.7469854
161,3,1987,0.434285714,36.81221455,-121.7479466
162,3,1987,0.055714286,36.81201744,-121.7490473
163,3,1987,0.054285714,36.81150273,-121.7488629
164,3,1987,0.2,36.8116763,-121.7477923
165,3,1987,-0.055714286,36.81110735,-121.7481542
166,3,1987,-0.004285714,36.81116839,-121.747013
167,3,1987,0.068571429,36.81210307,-121.7455952
1,3,1987,0.238571429,36.81121323,-121.7557219
168,3,1987,0.321428571,36.81397284,-121.7462677
169,3,1987,0.032857143,36.81346116,-121.7475028
170,3,1987,0.081428571,36.81306069,-121.7483381
171,3,1987,0.101428571,36.81288186,-121.7492938
172,3,1987,-0.075714286,36.81274332,-121.7480953
173,3,1987,0.424285714,36.81225431,-121.7526861
174,3,1987,0.084285714,36.81185514,-121.7515802
175,3,1987,-0.391428571,36.81169824,-121.7508338
176,3,1987,0.005714286,36.81191038,-121.7522986
177,3,1987,0.095714286,36.81160434,-121.7531065
16,3,1987,0.03,36.81163942,-121.7539986
178,3,1987,0.428571429,36.81458966,-121.7474681
179,3,1987,0.251428571,36.80878619,-121.7471567
180,3,1987,0.081428571,36.80914908,-121.7475691
181,3,1987,0.118571429,36.80932842,-121.7479257
182,3,1987,0.117142857,36.80868203,-121.7475123
63,4,1987,0.388571429,36.8347101,-121.7434821
64,4,1987,0.272857143,36.83397942,-121.7446572
80,4,1987,-0.027142857,36.83361613,-121.745365
81,4,1987,0.27,36.83306563,-121.7457449
82,4,1987,-0.121428571,36.83266718,-121.744713
83,4,1987,0.627142857,36.83216704,-121.7453442
84,4,1987,0.162857143,36.83177846,-121.744683
85,4,1987,0.188571429,36.83167382,-121.7439663
86,4,1987,0.058571429,36.83149819,-121.7452439
87,4,1987,0.144285714,36.83110385,-121.7453256
88,4,1987,0.541428571,36.83133831,-121.745914
89,4,1987,0.594285714,36.83077856,-121.7459825
90,4,1987,0.192857143,36.83070186,-121.7454942
91,4,1987,0.091428571,36.83011545,-121.7452961
98,4,1987,0.422857143,36.82729572,-121.7456701
99,4,1987,0.277142857,36.82765792,-121.745774
100,4,1987,0.224285714,36.82732737,-121.7463883
101,4,1987,0.092857143,36.82743448,-121.7474147
102,4,1987,-0.017142857,36.8271254,-121.7470204
103,4,1987,0.322857143,36.82686464,-121.747404
104,4,1987,0.058571429,36.82621211,-121.7479237
105,4,1987,0.254285714,36.82702389,-121.7457644
106,4,1987,-0.078571429,36.81965301,-121.7468374
107,4,1987,-0.171428571,36.82017007,-121.7468406
108,4,1987,-0.351428571,36.81949459,-121.7472745
109,4,1987,-0.141428571,36.81985929,-121.7478479
110,4,1987,-0.274285714,36.81966398,-121.7483204
111,4,1987,-0.624285714,36.82024019,-121.7490757
112,4,1987,-0.035714286,36.81944119,-121.7479532
113,4,1987,0.052857143,36.82353327,-121.7462273
114,4,1987,0.202857143,36.82456061,-121.7460916
115,4,1987,0.104285714,36.82517301,-121.7462095
116,4,1987,0.405714286,36.82585277,-121.7462132
117,4,1987,0.038571429,36.82442153,-121.7467558
118,4,1987,-0.097142857,36.82463115,-121.7479761
119,4,1987,-0.018571429,36.82391255,-121.7482474
120,4,1987,-0.074285714,36.82432887,-121.7474396
65,5,1987,0.251428571,36.83479598,-121.7453448
66,5,1987,0.37,36.83514278,-121.745924
67,5,1987,0.18,36.83600358,-121.746467
68,5,1987,0.021428571,36.83656695,-121.7470778
69,5,1987,0.038571429,36.8371045,-121.7469785
70,5,1987,0.147142857,36.83718051,-121.7472851
71,5,1987,-0.148571429,36.83752676,-121.7469897
72,5,1987,0.328571429,36.83679217,-121.7482838
73,5,1987,0.311428571,36.83706391,-121.7489022
74,5,1987,0.082857143,36.83637011,-121.7482883
75,5,1987,0.4,36.83576894,-121.7473263
76,5,1987,0.165714286,36.83636181,-121.7479194
77,5,1987,-0.215714286,36.8353034,-121.747051
78,5,1987,0.301428571,36.83506496,-121.7464911
79,5,1987,-0.244285714,36.83402782,-121.746116
26,5,1987,0.304285714,36.83992888,-121.7502933
27,5,1987,0.455714286,36.8391934,-121.750784
28,5,1987,0.282857143,36.83878799,-121.750899
31,5,1987,-0.065714286,36.83824439,-121.7503026
33,5,1987,0.357142857,36.83839357,-121.7492974
34,5,1987,-0.152857143,36.83891875,-121.7495238
35,5,1987,0.05,36.8390825,-121.7492139
36,5,1987,0.43,36.83947586,-121.749334
37,5,1987,0.29,36.83974917,-121.7490856
92,5,1987,0.237142857,36.83778468,-121.7434941
93,5,1987,0.344285714,36.83795899,-121.7439868
94,5,1987,0.068571429,36.83642898,-121.7433521
95,5,1987,0.142857143,36.83630975,-121.7438392
96,5,1987,0.171428571,36.83923308,-121.7460149
10,0,1992,-0.044,36.81728141,-121.7445638
11,0,1992,-0.018,36.82080162,-121.742864
12,0,1992,-0.742,36.82296128,-121.7419457
13,0,1992,0.408,36.83555707,-121.7402948
14,0,1992,0.794,36.83589898,-121.7399257
17,0,1992,-0.244,36.81597393,-121.7444804
18,0,1992,-0.1,36.81644803,-121.7442057
19,0,1992,-0.034,36.81376763,-121.7666757
20,0,1992,-0.124,36.81269449,-121.7666855
15,0,1992,0.144,36.84301192,-121.752426
21,0,1992,-0.244,36.84855875,-121.7572213
22,0,1992,-0.094,36.84834837,-121.7559189
23,0,1992,0.284,36.85093509,-121.758113
24,0,1992,-0.11,36.85231706,-121.7577792
25,0,1992,-0.022,36.85369503,-121.7580746
121,2,1992,-0.176,36.8171196,-121.7497502
97,2,1992,0.094,36.81760162,-121.7496608
122,2,1992,-0.19,36.81701175,-121.7508347
123,2,1992,-0.554,36.81757629,-121.7517896
124,2,1992,-0.136,36.8179078,-121.7532674
125,2,1992,-0.754,36.81762098,-121.7537764
126,2,1992,-0.308,36.81776695,-121.7546194
127,2,1992,-0.364,36.81761165,-121.7551633
128,2,1992,-0.696,36.81740884,-121.7562938
129,2,1992,-0.626,36.8171728,-121.7576696
130,2,1992,-0.95,36.81736929,-121.7587862
131,2,1992,-0.318,36.8177862,-121.7598844
132,2,1992,-0.326,36.81686993,-121.7589277
133,2,1992,-0.274,36.81612644,-121.7596739
134,2,1992,-0.068,36.81608479,-121.759111
135,2,1992,-0.254,36.81577263,-121.7589084
136,2,1992,-0.246,36.81613798,-121.7584946
137,2,1992,-0.61,36.81664578,-121.7568772
138,2,1992,-0.27,36.81630713,-121.7564229
139,2,1992,0.05,36.81642827,-121.7554643
140,2,1992,-0.468,36.81745076,-121.7528966
141,2,1992,-0.058,36.8170767,-121.7536146
142,2,1992,-0.122,36.81643864,-121.7530391
143,2,1992,-0.034,36.81578796,-121.7541027
144,2,1992,-0.396,36.81476694,-121.760978
145,2,1992,-0.06,36.81585758,-121.7613229
146,2,1992,-0.344,36.81654637,-121.7609003
147,2,1992,-0.076,36.81637902,-121.7614713
148,2,1992,0.034,36.81521985,-121.7613528
149,2,1992,0.356,36.81791189,-121.7656597
150,2,1992,-0.188,36.81827917,-121.7654827
151,2,1992,0.088,36.81864959,-121.7668151
152,2,1992,0.1,36.81821597,-121.7666275
153,2,1992,0.338,36.81410714,-121.7623566
154,2,1992,0.162,36.81443175,-121.7623376
155,2,1992,-0.046,36.81433205,-121.762688
156,3,1992,0.142,36.81271446,-121.7455952
157,3,1992,0.002,36.81254171,-121.7461764
158,3,1992,-0.278,36.81149917,-121.7462602
159,3,1992,0.25,36.81168033,-121.7470432
160,3,1992,-0.184,36.81204343,-121.7469854
161,3,1992,-0.286,36.81221455,-121.7479466
162,3,1992,-0.424,36.81201744,-121.7490473
163,3,1992,-0.064,36.81150273,-121.7488629
164,3,1992,0.054,36.8116763,-121.7477923
165,3,1992,0.008,36.81110735,-121.7481542
166,3,1992,-0.256,36.81116839,-121.747013
167,3,1992,0.132,36.81210307,-121.7455952
1,3,1992,-0.692,36.81121323,-121.7557219
168,3,1992,-0.072,36.81397284,-121.7462677
169,3,1992,-0.014,36.81346116,-121.7475028
170,3,1992,0.248,36.81306069,-121.7483381
171,3,1992,-0.09,36.81288186,-121.7492938
172,3,1992,0.11,36.81274332,-121.7480953
173,3,1992,-0.246,36.81225431,-121.7526861
174,3,1992,0.26,36.81185514,-121.7515802
175,3,1992,0.256,36.81169824,-121.7508338
176,3,1992,0.002,36.81191038,-121.7522986
177,3,1992,0.058,36.81160434,-121.7531065
16,3,1992,0.182,36.81163942,-121.7539986
178,3,1992,0.142,36.81458966,-121.7474681
179,3,1992,-0.024,36.80878619,-121.7471567
180,3,1992,-0.088,36.80914908,-121.7475691
181,3,1992,-0.156,36.80932842,-121.7479257
182,3,1992,-0.11,36.80868203,-121.7475123
63,4,1992,0.564,36.8347101,-121.7434821
64,4,1992,0.17,36.83397942,-121.7446572
80,4,1992,-0.154,36.83361613,-121.745365
81,4,1992,-0.232,36.83306563,-121.7457449
82,4,1992,0.038,36.83266718,-121.744713
83,4,1992,-0.71,36.83216704,-121.7453442
84,4,1992,0.06,36.83177846,-121.744683
85,4,1992,-0.14,36.83167382,-121.7439663
86,4,1992,-0.108,36.83149819,-121.7452439
87,4,1992,0.006,36.83110385,-121.7453256
88,4,1992,-0.606,36.83133831,-121.745914
89,4,1992,-0.31,36.83077856,-121.7459825
90,4,1992,-0.016,36.83070186,-121.7454942
91,4,1992,0.056,36.83011545,-121.7452961
98,4,1992,-0.006,36.82729572,-121.7456701
99,4,1992,-0.18,36.82765792,-121.745774
100,4,1992,0.056,36.82732737,-121.7463883
101,4,1992,0.164,36.82743448,-121.7474147
102,4,1992,0.054,36.8271254,-121.7470204
103,4,1992,-0.138,36.82686464,-121.747404
104,4,1992,0.312,36.82621211,-121.7479237
105,4,1992,-0.058,36.82702389,-121.7457644
106,4,1992,-0.108,36.81965301,-121.7468374
107,4,1992,0.43,36.82017007,-121.7468406
108,4,1992,0.502,36.81949459,-121.7472745
109,4,1992,0.216,36.81985929,-121.7478479
110,4,1992,0.442,36.81966398,-121.7483204
111,4,1992,0.762,36.82024019,-121.7490757
112,4,1992,0.106,36.81944119,-121.7479532
113,4,1992,0.084,36.82353327,-121.7462273
114,4,1992,-0.192,36.82456061,-121.7460916
115,4,1992,-0.116,36.82517301,-121.7462095
116,4,1992,0.142,36.82585277,-121.7462132
117,4,1992,0.614,36.82442153,-121.7467558
118,4,1992,0.196,36.82463115,-121.7479761
119,4,1992,0.286,36.82391255,-121.7482474
120,4,1992,0.306,36.82432887,-121.7474396
65,5,1992,0.362,36.83479598,-121.7453448
66,5,1992,-0.1,36.83514278,-121.745924
67,5,1992,-0.066,36.83600358,-121.746467
68,5,1992,0.35,36.83656695,-121.7470778
69,5,1992,-0.056,36.8371045,-121.7469785
70,5,1992,0.114,36.83718051,-121.7472851
71,5,1992,0.33,36.83752676,-121.7469897
72,5,1992,-0.096,36.83679217,-121.7482838
73,5,1992,-0.386,36.83706391,-121.7489022
74,5,1992,0.044,36.83637011,-121.7482883
75,5,1992,-0.298,36.83576894,-121.7473263
76,5,1992,-0.154,36.83636181,-121.7479194
77,5,1992,0.094,36.8353034,-121.747051
78,5,1992,-0.102,36.83506496,-121.7464911
79,5,1992,-0.01,36.83402782,-121.746116
26,5,1992,-0.432,36.83992888,-121.7502933
27,5,1992,-0.454,36.8391934,-121.750784
28,5,1992,-0.076,36.83878799,-121.750899
31,5,1992,0.368,36.83824439,-121.7503026
33,5,1992,-0.52,36.83839357,-121.7492974
34,5,1992,0.256,36.83891875,-121.7495238
35,5,1992,-0.14,36.8390825,-121.7492139
36,5,1992,-0.082,36.83947586,-121.749334
37,5,1992,-0.046,36.83974917,-121.7490856
92,5,1992,-0.056,36.83778468,-121.7434941
93,5,1992,0.072,36.83795899,-121.7439868
94,5,1992,0.4,36.83642898,-121.7433521
95,5,1992,0.384,36.83630975,-121.7438392
96,5,1992,-0.048,36.83923308,-121.7460149
10,0,2000,0.42,36.81728141,-121.7445638
11,0,2000,0.38,36.82080162,-121.742864
12,0,2000,-0.545,36.82296128,-121.7419457
13,0,2000,0.08375,36.83555707,-121.7402948
14,0,2000,0.23375,36.83589898,-121.7399257
17,0,2000,0.1775,36.81597393,-121.7444804
18,0,2000,0.3225,36.81644803,-121.7442057
19,0,2000,-0.04875,36.81376763,-121.7666757
20,0,2000,-0.26875,36.81269449,-121.7666855
15,0,2000,0.47375,36.84301192,-121.752426
21,0,2000,0.035,36.84855875,-121.7572213
22,0,2000,0.36,36.84834837,-121.7559189
23,0,2000,0.065,36.85093509,-121.758113
24,0,2000,0.1525,36.85231706,-121.7577792
25,0,2000,-0.115,36.85369503,-121.7580746
121,2,2000,0.39375,36.8171196,-121.7497502
97,2,2000,0.36625,36.81760162,-121.7496608
122,2,2000,0.1875,36.81701175,-121.7508347
123,2,2000,0.555,36.81757629,-121.7517896
124,2,2000,0.06,36.8179078,-121.7532674
125,2,2000,0.54625,36.81762098,-121.7537764
126,2,2000,0.42125,36.81776695,-121.7546194
127,2,2000,0.2975,36.81761165,-121.7551633
128,2,2000,0.49625,36.81740884,-121.7562938
129,2,2000,0.4625,36.8171728,-121.7576696
130,2,2000,0.38875,36.81736929,-121.7587862
131,2,2000,0.19125,36.8177862,-121.7598844
132,2,2000,0.50875,36.81686993,-121.7589277
133,2,2000,0.1675,36.81612644,-121.7596739
134,2,2000,0.27375,36.81608479,-121.759111
135,2,2000,0.25375,36.81577263,-121.7589084
136,2,2000,0.5375,36.81613798,-121.7584946
137,2,2000,0.53875,36.81664578,-121.7568772
138,2,2000,0.29,36.81630713,-121.7564229
139,2,2000,0.19,36.81642827,-121.7554643
140,2,2000,0.2975,36.81745076,-121.7528966
141,2,2000,0.125,36.8170767,-121.7536146
142,2,2000,0.23,36.81643864,-121.7530391
143,2,2000,0.07,36.81578796,-121.7541027
144,2,2000,0.31,36.81476694,-121.760978
145,2,2000,0.19875,36.81585758,-121.7613229
146,2,2000,0.185,36.81654637,-121.7609003
147,2,2000,0.3425,36.81637902,-121.7614713
148,2,2000,0.2275,36.81521985,-121.7613528
149,2,2000,0.28125,36.81791189,-121.7656597
150,2,2000,0.26,36.81827917,-121.7654827
151,2,2000,0.09875,36.81864959,-121.7668151
152,2,2000,0.09875,36.81821597,-121.7666275
153,2,2000,0.11,36.81410714,-121.7623566
154,2,2000,0.12625,36.81443175,-121.7623376
155,2,2000,0.1925,36.81433205,-121.762688
156,3,2000,0.00875,36.81271446,-121.7455952
157,3,2000,0.0675,36.81254171,-121.7461764
158,3,2000,0.19875,36.81149917,-121.7462602
159,3,2000,0.10125,36.81168033,-121.7470432
160,3,2000,0.435,36.81204343,-121.7469854
161,3,2000,0.10625,36.81221455,-121.7479466
162,3,2000,0.4425,36.81201744,-121.7490473
163,3,2000,0.27125,36.81150273,-121.7488629
164,3,2000,0.21375,36.8116763,-121.7477923
165,3,2000,0.40875,36.81110735,-121.7481542
166,3,2000,0.245,36.81116839,-121.747013
167,3,2000,0.1775,36.81210307,-121.7455952
1,3,2000,0.36375,36.81121323,-121.7557219
168,3,2000,0.12125,36.81397284,-121.7462677
169,3,2000,0.06,36.81346116,-121.7475028
170,3,2000,-0.015,36.81306069,-121.7483381
171,3,2000,0.185,36.81288186,-121.7492938
172,3,2000,0.125,36.81274332,-121.7480953
173,3,2000,0.27,36.81225431,-121.7526861
174,3,2000,0.32125,36.81185514,-121.7515802
175,3,2000,0.41125,36.81169824,-121.7508338
176,3,2000,0.1575,36.81191038,-121.7522986
177,3,2000,0.2325,36.81160434,-121.7531065
16,3,2000,0.28125,36.81163942,-121.7539986
178,3,2000,-0.17375,36.81458966,-121.7474681
179,3,2000,0.22,36.80878619,-121.7471567
180,3,2000,0.245,36.80914908,-121.7475691
181,3,2000,0.47125,36.80932842,-121.7479257
182,3,2000,0.19875,36.80868203,-121.7475123
63,4,2000,0.47875,36.8347101,-121.7434821
64,4,2000,0.405,36.83397942,-121.7446572
80,4,2000,0.27375,36.83361613,-121.745365
81,4,2000,0.47125,36.83306563,-121.7457449
82,4,2000,0.06625,36.83266718,-121.744713
83,4,2000,0.3075,36.83216704,-121.7453442
84,4,2000,0.16875,36.83177846,-121.744683
85,4,2000,0.14,36.83167382,-121.7439663
86,4,2000,0.3425,36.83149819,-121.7452439
87,4,2000,0.1775,36.83110385,-121.7453256
88,4,2000,0.52125,36.83133831,-121.745914
89,4,2000,0.21,36.83077856,-121.7459825
90,4,2000,0.18,36.83070186,-121.7454942
91,4,2000,0.2975,36.83011545,-121.7452961
98,4,2000,0.5325,36.82729572,-121.7456701
99,4,2000,0.3275,36.82765792,-121.745774
100,4,2000,0.2075,36.82732737,-121.7463883
101,4,2000,0.33875,36.82743448,-121.7474147
102,4,2000,0.28125,36.8271254,-121.7470204
103,4,2000,0.41875,36.82686464,-121.747404
104,4,2000,0.12125,36.82621211,-121.7479237
105,4,2000,0.075,36.82702389,-121.7457644
106,4,2000,0.55125,36.81965301,-121.7468374
107,4,2000,0.16,36.82017007,-121.7468406
108,4,2000,0.18625,36.81949459,-121.7472745
109,4,2000,0.0325,36.81985929,-121.7478479
110,4,2000,0.19125,36.81966398,-121.7483204
111,4,2000,0.35125,36.82024019,-121.7490757
112,4,2000,0.21875,36.81944119,-121.7479532
113,4,2000,0.05875,36.82353327,-121.7462273
114,4,2000,0.4425,36.82456061,-121.7460916
115,4,2000,0.085,36.82517301,-121.7462095
116,4,2000,0.0575,36.82585277,-121.7462132
117,4,2000,0.16,36.82442153,-121.7467558
118,4,2000,0.31125,36.82463115,-121.7479761
119,4,2000,0.26625,36.82391255,-121.7482474
120,4,2000,-0.0625,36.82432887,-121.7474396
65,5,2000,0.15625,36.83479598,-121.7453448
66,5,2000,0.69375,36.83514278,-121.745924
67,5,2000,0.325,36.83600358,-121.746467
68,5,2000,0.4075,36.83656695,-121.7470778
69,5,2000,0.235,36.8371045,-121.7469785
70,5,2000,0.3425,36.83718051,-121.7472851
71,5,2000,0.16,36.83752676,-121.7469897
72,5,2000,0.44,36.83679217,-121.7482838
73,5,2000,0.3975,36.83706391,-121.7489022
74,5,2000,0.20125,36.83637011,-121.7482883
75,5,2000,0.5675,36.83576894,-121.7473263
76,5,2000,0.31625,36.83636181,-121.7479194
77,5,2000,0.13375,36.8353034,-121.747051
78,5,2000,0.4375,36.83506496,-121.7464911
79,5,2000,0.38375,36.83402782,-121.746116
26,5,2000,0.715,36.83992888,-121.7502933
27,5,2000,0.29625,36.8391934,-121.750784
28,5,2000,0.5375,36.83878799,-121.750899
31,5,2000,0.4575,36.83824439,-121.7503026
33,5,2000,0.52875,36.83839357,-121.7492974
34,5,2000,0.26375,36.83891875,-121.7495238
35,5,2000,0.3825,36.8390825,-121.7492139
36,5,2000,0.23375,36.83947586,-121.749334
37,5,2000,0.29125,36.83974917,-121.7490856
92,5,2000,0.58375,36.83778468,-121.7434941
93,5,2000,0.12125,36.83795899,-121.7439868
94,5,2000,0.37875,36.83642898,-121.7433521
95,5,2000,0.32875,36.83630975,-121.7438392
96,5,2000,0.29,36.83923308,-121.7460149
10,0,2001,3.69,36.81728141,-121.7445638
11,0,2001,1.43,36.82080162,-121.742864
12,0,2001,6.44,36.82296128,-121.7419457
13,0,2001,10.37,36.83555707,-121.7402948
14,0,2001,3.82,36.83589898,-121.7399257
17,0,2001,1.95,36.81597393,-121.7444804
18,0,2001,1.02,36.81644803,-121.7442057
19,0,2001,2.55,36.81376763,-121.7666757
20,0,2001,2.79,36.81269449,-121.7666855
15,0,2001,-3.24,36.84301192,-121.752426
21,0,2001,1.22,36.84855875,-121.7572213
22,0,2001,-1.53,36.84834837,-121.7559189
23,0,2001,-0.17,36.85093509,-121.758113
24,0,2001,1.02,36.85231706,-121.7577792
25,0,2001,1.58,36.85369503,-121.7580746
121,2,2001,2.26,36.8171196,-121.7497502
97,2,2001,-0.19,36.81760162,-121.7496608
122,2,2001,1.35,36.81701175,-121.7508347
123,2,2001,0.53,36.81757629,-121.7517896
124,2,2001,0,36.8179078,-121.7532674
125,2,2001,-1.36,36.81762098,-121.7537764
126,2,2001,-1.03,36.81776695,-121.7546194
127,2,2001,-0.98,36.81761165,-121.7551633
128,2,2001,-0.26,36.81740884,-121.7562938
129,2,2001,0.8,36.8171728,-121.7576696
130,2,2001,0.89,36.81736929,-121.7587862
131,2,2001,2.41,36.8177862,-121.7598844
132,2,2001,0.55,36.81686993,-121.7589277
133,2,2001,1.14,36.81612644,-121.7596739
134,2,2001,-0.32,36.81608479,-121.759111
135,2,2001,0.52,36.81577263,-121.7589084
136,2,2001,-1.58,36.81613798,-121.7584946
137,2,2001,-0.83,36.81664578,-121.7568772
138,2,2001,-1.65,36.81630713,-121.7564229
139,2,2001,-1.01,36.81642827,-121.7554643
140,2,2001,-1.12,36.81745076,-121.7528966
141,2,2001,-1.55,36.8170767,-121.7536146
142,2,2001,0.33,36.81643864,-121.7530391
143,2,2001,-1.16,36.81578796,-121.7541027
144,2,2001,0.27,36.81476694,-121.760978
145,2,2001,1.99,36.81585758,-121.7613229
146,2,2001,1.53,36.81654637,-121.7609003
147,2,2001,1.1,36.81637902,-121.7614713
148,2,2001,1.59,36.81521985,-121.7613528
149,2,2001,0.77,36.81791189,-121.7656597
150,2,2001,0,36.81827917,-121.7654827
151,2,2001,1.36,36.81864959,-121.7668151
152,2,2001,0.99,36.81821597,-121.7666275
153,2,2001,0.63,36.81410714,-121.7623566
154,2,2001,0,36.81443175,-121.7623376
155,2,2001,0.04,36.81433205,-121.762688
156,3,2001,0.3,36.81271446,-121.7455952
157,3,2001,-0.52,36.81254171,-121.7461764
158,3,2001,-0.47,36.81149917,-121.7462602
159,3,2001,0.92,36.81168033,-121.7470432
160,3,2001,-0.08,36.81204343,-121.7469854
161,3,2001,-0.55,36.81221455,-121.7479466
162,3,2001,-0.46,36.81201744,-121.7490473
163,3,2001,-1.23,36.81150273,-121.7488629
164,3,2001,-1.15,36.8116763,-121.7477923
165,3,2001,0.09,36.81110735,-121.7481542
166,3,2001,-0.54,36.81116839,-121.747013
167,3,2001,0.19,36.81210307,-121.7455952
1,3,2001,2.23,36.81121323,-121.7557219
168,3,2001,-0.6,36.81397284,-121.7462677
169,3,2001,1.59,36.81346116,-121.7475028
170,3,2001,-0.21,36.81306069,-121.7483381
171,3,2001,0.06,36.81288186,-121.7492938
172,3,2001,-1,36.81274332,-121.7480953
173,3,2001,-0.74,36.81225431,-121.7526861
174,3,2001,-1.59,36.81185514,-121.7515802
175,3,2001,-1.78,36.81169824,-121.7508338
176,3,2001,-0.49,36.81191038,-121.7522986
177,3,2001,-0.52,36.81160434,-121.7531065
16,3,2001,3.02,36.81163942,-121.7539986
178,3,2001,4.26,36.81458966,-121.7474681
179,3,2001,0.05,36.80878619,-121.7471567
180,3,2001,0.29,36.80914908,-121.7475691
181,3,2001,0.31,36.80932842,-121.7479257
182,3,2001,-0.04,36.80868203,-121.7475123
63,4,2001,1.09,36.8347101,-121.7434821
64,4,2001,-2.04,36.83397942,-121.7446572
80,4,2001,0.63,36.83361613,-121.745365
81,4,2001,0.02,36.83306563,-121.7457449
82,4,2001,0.07,36.83266718,-121.744713
83,4,2001,0.9,36.83216704,-121.7453442
84,4,2001,-0.41,36.83177846,-121.744683
85,4,2001,-0.41,36.83167382,-121.7439663
86,4,2001,0.27,36.83149819,-121.7452439
87,4,2001,1.43,36.83110385,-121.7453256
88,4,2001,-1.31,36.83133831,-121.745914
89,4,2001,1.08,36.83077856,-121.7459825
90,4,2001,0.63,36.83070186,-121.7454942
91,4,2001,-0.99,36.83011545,-121.7452961
98,4,2001,-0.44,36.82729572,-121.7456701
99,4,2001,-0.42,36.82765792,-121.745774
100,4,2001,-0.41,36.82732737,-121.7463883
101,4,2001,-0.64,36.82743448,-121.7474147
102,4,2001,-0.48,36.8271254,-121.7470204
103,4,2001,-1.12,36.82686464,-121.747404
104,4,2001,-0.98,36.82621211,-121.7479237
105,4,2001,-0.85,36.82702389,-121.7457644
106,4,2001,-0.96,36.81965301,-121.7468374
107,4,2001,-0.35,36.82017007,-121.7468406
108,4,2001,0.47,36.81949459,-121.7472745
109,4,2001,2.06,36.81985929,-121.7478479
110,4,2001,0.74,36.81966398,-121.7483204
111,4,2001,-0.28,36.82024019,-121.7490757
112,4,2001,0.32,36.81944119,-121.7479532
113,4,2001,0.94,36.82353327,-121.7462273
114,4,2001,-1.27,36.82456061,-121.7460916
115,4,2001,0.54,36.82517301,-121.7462095
116,4,2001,-0.26,36.82585277,-121.7462132
117,4,2001,-0.44,36.82442153,-121.7467558
118,4,2001,0.85,36.82463115,-121.7479761
119,4,2001,-0.39,36.82391255,-121.7482474
120,4,2001,1.54,36.82432887,-121.7474396
65,5,2001,-0.84,36.83479598,-121.7453448
66,5,2001,-0.36,36.83514278,-121.745924
67,5,2001,0.23,36.83600358,-121.746467
68,5,2001,2.39,36.83656695,-121.7470778
69,5,2001,-3.37,36.8371045,-121.7469785
70,5,2001,-3.78,36.83718051,-121.7472851
71,5,2001,0.9,36.83752676,-121.7469897
72,5,2001,-0.74,36.83679217,-121.7482838
73,5,2001,-0.24,36.83706391,-121.7489022
74,5,2001,0.15,36.83637011,-121.7482883
75,5,2001,0.08,36.83576894,-121.7473263
76,5,2001,-0.8,36.83636181,-121.7479194
77,5,2001,0.39,36.8353034,-121.747051
78,5,2001,-2.29,36.83506496,-121.7464911
79,5,2001,-1.04,36.83402782,-121.746116
26,5,2001,0.89,36.83992888,-121.7502933
27,5,2001,0.48,36.8391934,-121.750784
28,5,2001,-0.71,36.83878799,-121.750899
31,5,2001,-0.64,36.83824439,-121.7503026
33,5,2001,-1.01,36.83839357,-121.7492974
34,5,2001,0.73,36.83891875,-121.7495238
35,5,2001,0.44,36.8390825,-121.7492139
36,5,2001,1.85,36.83947586,-121.749334
37,5,2001,0.04,36.83974917,-121.7490856
92,5,2001,4.62,36.83778468,-121.7434941
93,5,2001,2.18,36.83795899,-121.7439868
94,5,2001,-1.13,36.83642898,-121.7433521
95,5,2001,-0.04,36.83630975,-121.7438392
96,5,2001,0.25,36.83923308,-121.7460149
10,0,2003,0,36.81728141,-121.7445638
11,0,2003,1.13,36.82080162,-121.742864
12,0,2003,12.08,36.82296128,-121.7419457
13,0,2003,-3.87,36.83555707,-121.7402948
14,0,2003,0.275,36.83589898,-121.7399257
17,0,2003,0.59,36.81597393,-121.7444804
18,0,2003,0.53,36.81644803,-121.7442057
19,0,2003,0.265,36.81376763,-121.7666757
20,0,2003,2.9,36.81269449,-121.7666855
15,0,2003,2.94,36.84301192,-121.752426
21,0,2003,1.585,36.84855875,-121.7572213
22,0,2003,0.71,36.84834837,-121.7559189
23,0,2003,0.5,36.85093509,-121.758113
24,0,2003,0.895,36.85231706,-121.7577792
25,0,2003,0.135,36.85369503,-121.7580746
121,2,2003,0.74,36.8171196,-121.7497502
97,2,2003,0.54,36.81760162,-121.7496608
122,2,2003,0.175,36.81701175,-121.7508347
123,2,2003,0.565,36.81757629,-121.7517896
124,2,2003,-0.075,36.8179078,-121.7532674
125,2,2003,0.71,36.81762098,-121.7537764
126,2,2003,0.38,36.81776695,-121.7546194
127,2,2003,0.625,36.81761165,-121.7551633
128,2,2003,-0.165,36.81740884,-121.7562938
129,2,2003,0.87,36.8171728,-121.7576696
130,2,2003,0.29,36.81736929,-121.7587862
131,2,2003,7.355,36.8177862,-121.7598844
132,2,2003,-0.945,36.81686993,-121.7589277
133,2,2003,-0.44,36.81612644,-121.7596739
134,2,2003,0.695,36.81608479,-121.759111
135,2,2003,0.245,36.81577263,-121.7589084
136,2,2003,0.495,36.81613798,-121.7584946
137,2,2003,-0.025,36.81664578,-121.7568772
138,2,2003,0.77,36.81630713,-121.7564229
139,2,2003,0.7,36.81642827,-121.7554643
140,2,2003,0.78,36.81745076,-121.7528966
141,2,2003,0.83,36.8170767,-121.7536146
142,2,2003,-0.06,36.81643864,-121.7530391
143,2,2003,0.93,36.81578796,-121.7541027
144,2,2003,0.48,36.81476694,-121.760978
145,2,2003,1.22,36.81585758,-121.7613229
146,2,2003,0.3,36.81654637,-121.7609003
147,2,2003,0.2,36.81637902,-121.7614713
148,2,2003,0.675,36.81521985,-121.7613528
149,2,2003,0.805,36.81791189,-121.7656597
150,2,2003,0.635,36.81827917,-121.7654827
151,2,2003,0.5,36.81864959,-121.7668151
152,2,2003,0.93,36.81821597,-121.7666275
153,2,2003,0.345,36.81410714,-121.7623566
154,2,2003,0.55,36.81443175,-121.7623376
155,2,2003,-0.005,36.81433205,-121.762688
156,3,2003,-0.03,36.81271446,-121.7455952
157,3,2003,0.805,36.81254171,-121.7461764
158,3,2003,0.41,36.81149917,-121.7462602
159,3,2003,0.475,36.81168033,-121.7470432
160,3,2003,0.455,36.81204343,-121.7469854
161,3,2003,0.975,36.81221455,-121.7479466
162,3,2003,1.195,36.81201744,-121.7490473
163,3,2003,0.77,36.81150273,-121.7488629
164,3,2003,0.895,36.8116763,-121.7477923
165,3,2003,1.39,36.81110735,-121.7481542
166,3,2003,0.665,36.81116839,-121.747013
167,3,2003,2.815,36.81210307,-121.7455952
1,3,2003,0.36,36.81121323,-121.7557219
168,3,2003,1.695,36.81397284,-121.7462677
169,3,2003,0.495,36.81346116,-121.7475028
170,3,2003,0.555,36.81306069,-121.7483381
171,3,2003,0.25,36.81288186,-121.7492938
172,3,2003,0.685,36.81274332,-121.7480953
173,3,2003,0.815,36.81225431,-121.7526861
174,3,2003,1.6,36.81185514,-121.7515802
175,3,2003,1.14,36.81169824,-121.7508338
176,3,2003,-0.255,36.81191038,-121.7522986
177,3,2003,1.505,36.81160434,-121.7531065
16,3,2003,-0.77,36.81163942,-121.7539986
178,3,2003,0.83,36.81458966,-121.7474681
179,3,2003,0.5,36.80878619,-121.7471567
180,3,2003,0.29,36.80914908,-121.7475691
181,3,2003,1.03,36.80932842,-121.7479257
182,3,2003,0.805,36.80868203,-121.7475123
63,4,2003,0.235,36.8347101,-121.7434821
64,4,2003,0.535,36.83397942,-121.7446572
80,4,2003,0.205,36.83361613,-121.745365
81,4,2003,0.705,36.83306563,-121.7457449
82,4,2003,-0.07,36.83266718,-121.744713
83,4,2003,-0.43,36.83216704,-121.7453442
84,4,2003,0.185,36.83177846,-121.744683
85,4,2003,0.215,36.83167382,-121.7439663
86,4,2003,0.14,36.83149819,-121.7452439
87,4,2003,-0.455,36.83110385,-121.7453256
88,4,2003,0.59,36.83133831,-121.745914
89,4,2003,-0.58,36.83077856,-121.7459825
90,4,2003,-0.155,36.83070186,-121.7454942
91,4,2003,0.205,36.83011545,-121.7452961
98,4,2003,0.6,36.82729572,-121.7456701
99,4,2003,0.285,36.82765792,-121.745774
100,4,2003,0.96,36.82732737,-121.7463883
101,4,2003,0.76,36.82743448,-121.7474147
102,4,2003,0.36,36.8271254,-121.7470204
103,4,2003,1.42,36.82686464,-121.747404
104,4,2003,0.285,36.82621211,-121.7479237
105,4,2003,0.23,36.82702389,-121.7457644
106,4,2003,1.11,36.81965301,-121.7468374
107,4,2003,0.555,36.82017007,-121.7468406
108,4,2003,-0.005,36.81949459,-121.7472745
109,4,2003,0.715,36.81985929,-121.7478479
110,4,2003,0.175,36.81966398,-121.7483204
111,4,2003,1.625,36.82024019,-121.7490757
112,4,2003,-0.55,36.81944119,-121.7479532
113,4,2003,0.35,36.82353327,-121.7462273
114,4,2003,1.05,36.82456061,-121.7460916
115,4,2003,-0.19,36.82517301,-121.7462095
116,4,2003,0.61,36.82585277,-121.7462132
117,4,2003,1.275,36.82442153,-121.7467558
118,4,2003,-0.09,36.82463115,-121.7479761
119,4,2003,0.615,36.82391255,-121.7482474
120,4,2003,-0.17,36.82432887,-121.7474396
65,5,2003,0.08,36.83479598,-121.7453448
66,5,2003,0.175,36.83514278,-121.745924
67,5,2003,-0.19,36.83600358,-121.746467
68,5,2003,-0.035,36.83656695,-121.7470778
69,5,2003,2.13,36.8371045,-121.7469785
70,5,2003,1.44,36.83718051,-121.7472851
71,5,2003,-0.26,36.83752676,-121.7469897
72,5,2003,0.555,36.83679217,-121.7482838
73,5,2003,0.31,36.83706391,-121.7489022
74,5,2003,0.285,36.83637011,-121.7482883
75,5,2003,0.6,36.83576894,-121.7473263
76,5,2003,0.95,36.83636181,-121.7479194
77,5,2003,3.065,36.8353034,-121.747051
78,5,2003,1.67,36.83506496,-121.7464911
79,5,2003,1.52,36.83402782,-121.746116
26,5,2003,1.13,36.83992888,-121.7502933
27,5,2003,0.055,36.8391934,-121.750784
28,5,2003,0.495,36.83878799,-121.750899
31,5,2003,0.87,36.83824439,-121.7503026
33,5,2003,0.125,36.83839357,-121.7492974
34,5,2003,0.67,36.83891875,-121.7495238
35,5,2003,0.08,36.8390825,-121.7492139
36,5,2003,2.53,36.83947586,-121.749334
37,5,2003,0.42,36.83974917,-121.7490856
92,5,2003,3.385,36.83778468,-121.7434941
93,5,2003,0.325,36.83795899,-121.7439868
94,5,2003,2.14,36.83642898,-121.7433521
95,5,2003,0.995,36.83630975,-121.7438392
96,5,2003,1.12,36.83923308,-121.7460149
10,0,2007,0.36,36.81728141,-121.7445638
11,0,2007,0.0525,36.82080162,-121.742864
12,0,2007,-5.205,36.82296128,-121.7419457
13,0,2007,0.2475,36.83555707,-121.7402948
14,0,2007,-0.43,36.83589898,-121.7399257
17,0,2007,-0.0875,36.81597393,-121.7444804
18,0,2007,0.245,36.81644803,-121.7442057
19,0,2007,0.2925,36.81376763,-121.7666757
20,0,2007,0.4075,36.81269449,-121.7666855
15,0,2007,-0.39,36.84301192,-121.752426
21,0,2007,0.4,36.84855875,-121.7572213
22,0,2007,0.285,36.84834837,-121.7559189
23,0,2007,0.095,36.85093509,-121.758113
24,0,2007,-0.3675,36.85231706,-121.7577792
25,0,2007,0.0175,36.85369503,-121.7580746
121,2,2007,-0.06,36.8171196,-121.7497502
97,2,2007,0.1575,36.81760162,-121.7496608
122,2,2007,0.0425,36.81701175,-121.7508347
123,2,2007,-0.205,36.81757629,-121.7517896
124,2,2007,0.4375,36.8179078,-121.7532674
125,2,2007,0.0775,36.81762098,-121.7537764
126,2,2007,0.145,36.81776695,-121.7546194
127,2,2007,0.0575,36.81761165,-121.7551633
128,2,2007,0.3075,36.81740884,-121.7562938
129,2,2007,-0.2725,36.8171728,-121.7576696
130,2,2007,0.35,36.81736929,-121.7587862
131,2,2007,-3.9425,36.8177862,-121.7598844
132,2,2007,0.5675,36.81686993,-121.7589277
133,2,2007,0.2175,36.81612644,-121.7596739
134,2,2007,0.2075,36.81608479,-121.759111
135,2,2007,0.2,36.81577263,-121.7589084
136,2,2007,0.135,36.81613798,-121.7584946
137,2,2007,2.9525,36.81664578,-121.7568772
138,2,2007,0.2625,36.81630713,-121.7564229
139,2,2007,-0.0725,36.81642827,-121.7554643
140,2,2007,0.24,36.81745076,-121.7528966
141,2,2007,0.225,36.8170767,-121.7536146
142,2,2007,0.2725,36.81643864,-121.7530391
143,2,2007,0.1675,36.81578796,-121.7541027
144,2,2007,-0.0125,36.81476694,-121.760978
145,2,2007,-0.4625,36.81585758,-121.7613229
146,2,2007,-0.0725,36.81654637,-121.7609003
147,2,2007,0.325,36.81637902,-121.7614713
148,2,2007,0.0375,36.81521985,-121.7613528
149,2,2007,-0.29,36.81791189,-121.7656597
150,2,2007,0.21,36.81827917,-121.7654827
151,2,2007,0.0175,36.81864959,-121.7668151
152,2,2007,-0.16,36.81821597,-121.7666275
153,2,2007,0.5275,36.81410714,-121.7623566
154,2,2007,0.11,36.81443175,-121.7623376
155,2,2007,0.5725,36.81433205,-121.762688
156,3,2007,0.4675,36.81271446,-121.7455952
157,3,2007,-0.39,36.81254171,-121.7461764
158,3,2007,-0.0525,36.81149917,-121.7462602
159,3,2007,-0.0225,36.81168033,-121.7470432
160,3,2007,0.145,36.81204343,-121.7469854
161,3,2007,0.4025,36.81221455,-121.7479466
162,3,2007,0.1425,36.81201744,-121.7490473
163,3,2007,0.055,36.81150273,-121.7488629
164,3,2007,0.165,36.8116763,-121.7477923
165,3,2007,-0.1775,36.81110735,-121.7481542
166,3,2007,-0.11,36.81116839,-121.747013
167,3,2007,-1.1775,36.81210307,-121.7455952
1,3,2007,-0.115,36.81121323,-121.7557219
168,3,2007,0.2475,36.81397284,-121.7462677
169,3,2007,-0.59,36.81346116,-121.7475028
170,3,2007,0.1,36.81306069,-121.7483381
171,3,2007,0.1925,36.81288186,-121.7492938
172,3,2007,0.06,36.81274332,-121.7480953
173,3,2007,0.33,36.81225431,-121.7526861
174,3,2007,0.4075,36.81185514,-121.7515802
175,3,2007,0.22,36.81169824,-121.7508338
176,3,2007,0.6025,36.81191038,-121.7522986
177,3,2007,0.0875,36.81160434,-121.7531065
16,3,2007,0.57,36.81163942,-121.7539986
178,3,2007,0.2975,36.81458966,-121.7474681
179,3,2007,0.1625,36.80878619,-121.7471567
180,3,2007,0.285,36.80914908,-121.7475691
181,3,2007,0.465,36.80932842,-121.7479257
182,3,2007,0.025,36.80868203,-121.7475123
63,4,2007,-0.1,36.8347101,-121.7434821
64,4,2007,0.3375,36.83397942,-121.7446572
80,4,2007,-0.04,36.83361613,-121.745365
81,4,2007,-0.2425,36.83306563,-121.7457449
82,4,2007,0.2075,36.83266718,-121.744713
83,4,2007,0.2225,36.83216704,-121.7453442
84,4,2007,0.1975,36.83177846,-121.744683
85,4,2007,0.37,36.83167382,-121.7439663
86,4,2007,0.27,36.83149819,-121.7452439
87,4,2007,-0.1525,36.83110385,-121.7453256
88,4,2007,0.29,36.83133831,-121.745914
89,4,2007,0.2025,36.83077856,-121.7459825
90,4,2007,0.385,36.83070186,-121.7454942
91,4,2007,0.4325,36.83011545,-121.7452961
98,4,2007,-0.0125,36.82729572,-121.7456701
99,4,2007,0.245,36.82765792,-121.745774
100,4,2007,0.2075,36.82732737,-121.7463883
101,4,2007,0.1575,36.82743448,-121.7474147
102,4,2007,0.2275,36.8271254,-121.7470204
103,4,2007,-0.035,36.82686464,-121.747404
104,4,2007,0.2025,36.82621211,-121.7479237
105,4,2007,0.61,36.82702389,-121.7457644
106,4,2007,-0.0025,36.81965301,-121.7468374
107,4,2007,0.2225,36.82017007,-121.7468406
108,4,2007,0.185,36.81949459,-121.7472745
109,4,2007,-0.0025,36.81985929,-121.7478479
110,4,2007,0.35,36.81966398,-121.7483204
111,4,2007,-1.115,36.82024019,-121.7490757
112,4,2007,0.45,36.81944119,-121.7479532
113,4,2007,0.055,36.82353327,-121.7462273
114,4,2007,0.2825,36.82456061,-121.7460916
115,4,2007,0.24,36.82517301,-121.7462095
116,4,2007,0.0525,36.82585277,-121.7462132
117,4,2007,-0.065,36.82442153,-121.7467558
118,4,2007,0.1875,36.82463115,-121.7479761
119,4,2007,0.29,36.82391255,-121.7482474
120,4,2007,0.3725,36.82432887,-121.7474396
65,5,2007,-0.08,36.83479598,-121.7453448
66,5,2007,0.345,36.83514278,-121.745924
67,5,2007,0.2525,36.83600358,-121.746467
68,5,2007,-0.39,36.83656695,-121.7470778
69,5,2007,0.0675,36.8371045,-121.7469785
70,5,2007,0.2175,36.83718051,-121.7472851
71,5,2007,-0.005,36.83752676,-121.7469897
72,5,2007,0.4275,36.83679217,-121.7482838
73,5,2007,0.4075,36.83706391,-121.7489022
74,5,2007,0.2625,36.83637011,-121.7482883
75,5,2007,-0.115,36.83576894,-121.7473263
76,5,2007,0.215,36.83636181,-121.7479194
77,5,2007,-1.075,36.8353034,-121.747051
78,5,2007,0.13,36.83506496,-121.7464911
79,5,2007,0.04,36.83402782,-121.746116
26,5,2007,0.05,36.83992888,-121.7502933
27,5,2007,0.3125,36.8391934,-121.750784
28,5,2007,0.2325,36.83878799,-121.750899
31,5,2007,0.245,36.83824439,-121.7503026
33,5,2007,-0.02,36.83839357,-121.7492974
34,5,2007,0.175,36.83891875,-121.7495238
35,5,2007,0.1975,36.8390825,-121.7492139
36,5,2007,-1.1575,36.83947586,-121.749334
37,5,2007,0.2725,36.83974917,-121.7490856
92,5,2007,-2.38,36.83778468,-121.7434941
93,5,2007,-0.205,36.83795899,-121.7439868
94,5,2007,-0.035,36.83642898,-121.7433521
95,5,2007,0.56,36.83630975,-121.7438392
96,5,2007,-0.415,36.83923308,-121.7460149
10,0,2018,0.249090909,36.81728141,-121.7445638
11,0,2018,-0.093636364,36.82080162,-121.742864
12,0,2018,0.165454545,36.82296128,-121.7419457
13,0,2018,0.142727273,36.83555707,-121.7402948
14,0,2018,0.021818182,36.83589898,-121.7399257
17,0,2018,-0.061818182,36.81597393,-121.7444804
18,0,2018,0.12,36.81644803,-121.7442057
19,0,2018,-0.070909091,36.81376763,-121.7666757
20,0,2018,0.29,36.81269449,-121.7666855
15,0,2018,0.049090909,36.84301192,-121.752426
21,0,2018,0.037272727,36.84855875,-121.7572213
22,0,2018,0.012727273,36.84834837,-121.7559189
23,0,2018,0.177272727,36.85093509,-121.758113
24,0,2018,0.08,36.85231706,-121.7577792
25,0,2018,0.065454545,36.85369503,-121.7580746
121,2,2018,0.367272727,36.8171196,-121.7497502
97,2,2018,0.07,36.81760162,-121.7496608
122,2,2018,0.238181818,36.81701175,-121.7508347
123,2,2018,0.206363636,36.81757629,-121.7517896
124,2,2018,0.014545455,36.8179078,-121.7532674
125,2,2018,0.011818182,36.81762098,-121.7537764
126,2,2018,0.059090909,36.81776695,-121.7546194
127,2,2018,0.04,36.81761165,-121.7551633
128,2,2018,0.022727273,36.81740884,-121.7562938
129,2,2018,0.020909091,36.8171728,-121.7576696
130,2,2018,0.160909091,36.81736929,-121.7587862
131,2,2018,0.094545455,36.8177862,-121.7598844
132,2,2018,0.121818182,36.81686993,-121.7589277
133,2,2018,0.004545455,36.81612644,-121.7596739
134,2,2018,0.030909091,36.81608479,-121.759111
135,2,2018,0,36.81577263,-121.7589084
136,2,2018,0.060909091,36.81613798,-121.7584946
137,2,2018,-0.806363636,36.81664578,-121.7568772
138,2,2018,0.064545455,36.81630713,-121.7564229
139,2,2018,0.08,36.81642827,-121.7554643
140,2,2018,0.163636364,36.81745076,-121.7528966
141,2,2018,-0.028181818,36.8170767,-121.7536146
142,2,2018,0.048181818,36.81643864,-121.7530391
143,2,2018,0.183636364,36.81578796,-121.7541027
144,2,2018,0.056363636,36.81476694,-121.760978
145,2,2018,0.136363636,36.81585758,-121.7613229
146,2,2018,0.041818182,36.81654637,-121.7609003
147,2,2018,0.118181818,36.81637902,-121.7614713
148,2,2018,0.021818182,36.81521985,-121.7613528
149,2,2018,0.119090909,36.81791189,-121.7656597
150,2,2018,0.057272727,36.81827917,-121.7654827
151,2,2018,0.077272727,36.81864959,-121.7668151
152,2,2018,0.105454545,36.81821597,-121.7666275
153,2,2018,-0.032727273,36.81410714,-121.7623566
154,2,2018,0.025454545,36.81443175,-121.7623376
155,2,2018,0.047272727,36.81433205,-121.762688
156,3,2018,0.372727273,36.81271446,-121.7455952
157,3,2018,0.054545455,36.81254171,-121.7461764
158,3,2018,0.156363636,36.81149917,-121.7462602
159,3,2018,-0.012727273,36.81168033,-121.7470432
160,3,2018,0.113636364,36.81204343,-121.7469854
161,3,2018,0.12,36.81221455,-121.7479466
162,3,2018,-0.017272727,36.81201744,-121.7490473
163,3,2018,0.000909091,36.81150273,-121.7488629
164,3,2018,0.047272727,36.8116763,-121.7477923
165,3,2018,0.159090909,36.81110735,-121.7481542
166,3,2018,0.108181818,36.81116839,-121.747013
167,3,2018,0.127272727,36.81210307,-121.7455952
1,3,2018,0.046363636,36.81121323,-121.7557219
168,3,2018,-0.121818182,36.81397284,-121.7462677
169,3,2018,0.345454545,36.81346116,-121.7475028
170,3,2018,0.062727273,36.81306069,-121.7483381
171,3,2018,0.013636364,36.81288186,-121.7492938
172,3,2018,0.078181818,36.81274332,-121.7480953
173,3,2018,0.391818182,36.81225431,-121.7526861
174,3,2018,0.207272727,36.81185514,-121.7515802
175,3,2018,0.419090909,36.81169824,-121.7508338
176,3,2018,-0.011818182,36.81191038,-121.7522986
177,3,2018,0.159090909,36.81160434,-121.7531065
16,3,2018,0.199090909,36.81163942,-121.7539986
178,3,2018,0.638181818,36.81458966,-121.7474681
179,3,2018,0.012727273,36.80878619,-121.7471567
180,3,2018,0.140909091,36.80914908,-121.7475691
181,3,2018,-0.122727273,36.80932842,-121.7479257
182,3,2018,0.002727273,36.80868203,-121.7475123
63,4,2018,0.370909091,36.8347101,-121.7434821
64,4,2018,0.077272727,36.83397942,-121.7446572
80,4,2018,0.057272727,36.83361613,-121.745365
81,4,2018,0.064545455,36.83306563,-121.7457449
82,4,2018,0.047272727,36.83266718,-121.744713
83,4,2018,0.085454545,36.83216704,-121.7453442
84,4,2018,-0.030909091,36.83177846,-121.744683
85,4,2018,0.04,36.83167382,-121.7439663
86,4,2018,0.121818182,36.83149819,-121.7452439
87,4,2018,0.27,36.83110385,-121.7453256
88,4,2018,0.066363636,36.83133831,-121.745914
89,4,2018,0.088181818,36.83077856,-121.7459825
90,4,2018,0.1,36.83070186,-121.7454942
91,4,2018,0.01,36.83011545,-121.7452961
98,4,2018,0.101818182,36.82729572,-121.7456701
99,4,2018,0.088181818,36.82765792,-121.745774
100,4,2018,0.110909091,36.82732737,-121.7463883
101,4,2018,0.014545455,36.82743448,-121.7474147
102,4,2018,-0.019090909,36.8271254,-121.7470204
103,4,2018,0.126363636,36.82686464,-121.747404
104,4,2018,0.081818182,36.82621211,-121.7479237
105,4,2018,0.17,36.82702389,-121.7457644
106,4,2018,-0.010909091,36.81965301,-121.7468374
107,4,2018,-0.120909091,36.82017007,-121.7468406
108,4,2018,0.016363636,36.81949459,-121.7472745
109,4,2018,0.052727273,36.81985929,-121.7478479
110,4,2018,-0.019090909,36.81966398,-121.7483204
111,4,2018,0.400909091,36.82024019,-121.7490757
112,4,2018,0.096363636,36.81944119,-121.7479532
113,4,2018,0.010909091,36.82353327,-121.7462273
114,4,2018,0.106363636,36.82456061,-121.7460916
115,4,2018,0.005454545,36.82517301,-121.7462095
116,4,2018,0.091818182,36.82585277,-121.7462132
117,4,2018,0.130909091,36.82442153,-121.7467558
118,4,2018,0.175454545,36.82463115,-121.7479761
119,4,2018,0.042727273,36.82391255,-121.7482474
120,4,2018,-0.041818182,36.82432887,-121.7474396
65,5,2018,0.161818182,36.83479598,-121.7453448
66,5,2018,0.104545455,36.83514278,-121.745924
67,5,2018,0.052727273,36.83600358,-121.746467
68,5,2018,0.323636364,36.83656695,-121.7470778
69,5,2018,0.099090909,36.8371045,-121.7469785
70,5,2018,0.215454545,36.83718051,-121.7472851
71,5,2018,0.216363636,36.83752676,-121.7469897
72,5,2018,0.109090909,36.83679217,-121.7482838
73,5,2018,0.122727273,36.83706391,-121.7489022
74,5,2018,0.067272727,36.83637011,-121.7482883
75,5,2018,0.140909091,36.83576894,-121.7473263
76,5,2018,0.139090909,36.83636181,-121.7479194
77,5,2018,0.267272727,36.8353034,-121.747051
78,5,2018,0.089090909,36.83506496,-121.7464911
79,5,2018,0.215454545,36.83402782,-121.746116
26,5,2018,0.230909091,36.83992888,-121.7502933
27,5,2018,0.005454545,36.8391934,-121.750784
28,5,2018,0.112727273,36.83878799,-121.750899
31,5,2018,0.045454545,36.83824439,-121.7503026
33,5,2018,0.169090909,36.83839357,-121.7492974
34,5,2018,-0.017272727,36.83891875,-121.7495238
35,5,2018,0.243636364,36.8390825,-121.7492139
36,5,2018,-0.019090909,36.83947586,-121.749334
37,5,2018,-0.03,36.83974917,-121.7490856
92,5,2018,0.144545455,36.83778468,-121.7434941
93,5,2018,0.343636364,36.83795899,-121.7439868
94,5,2018,1.549090909,36.83642898,-121.7433521
95,5,2018,0.029090909,36.83630975,-121.7438392
96,5,2018,0.011818182,36.83923308,-121.7460149